Symbol,Conviction Level,Priority Score,Momentum Regime,Convergence Regime,RSI21 Spread (D/W),RSI21 Avg,Daily-Weekly Gradient,Signals
BLSE,L3_CONVERGENT,85,SUSTAINED,MATURE_CONVERGENT,1.18,75.34,-2.37,MOMENTUM|RSI_STACK|CONVERGENT
E2E,L3_CONVERGENT,85,SUSTAINED,MATURE_CONVERGENT,0.14,72.62,0.27,MOMENTUM|RSI_STACK|CONVERGENT
UNIVASTU,L3_CONVERGENT,85,DECELERATING,MATURE_CONVERGENT,0.18,78.68,-0.36,MOMENTUM|RSI_STACK|CONVERGENT
IRISDOREME,L3_CONVERGENT,85,SUSTAINED,MATURE_CONVERGENT,1.51,78.39,3.03,MOMENTUM|RSI_STACK|CONVERGENT
INDOTECH,L3_CONVERGENT,85,SUSTAINED,MATURE_CONVERGENT,1.43,72.4,-2.85,MOMENTUM|RSI_STACK|CONVERGENT
HAPPYFORGE,L3_CONVERGENT,85,SUSTAINED,MATURE_CONVERGENT,0.08,76.73,-0.15,MOMENTUM|RSI_STACK|CONVERGENT
RRKABEL,L3_CONVERGENT,85,SUSTAINED,MATURE_CONVERGENT,2.2,71.9,-4.41,MOMENTUM|RSI_STACK|CONVERGENT
HMVL,L3_CONVERGENT,85,DECELERATING,MATURE_CONVERGENT,0.66,70.98,1.31,MOMENTUM|RSI_STACK|CONVERGENT
KABRAEXTRU,L3_CONVERGENT,85,SUSTAINED,MATURE_CONVERGENT,0.18,76.85,0.37,MOMENTUM|RSI_STACK|CONVERGENT
SAILIFE,L3_CONVERGENT,85,SUSTAINED,MATURE_CONVERGENT,1.6,72.67,-3.19,MOMENTUM|RSI_STACK|CONVERGENT
FILATEX,L3_CONVERGENT,85,SUSTAINED,MATURE_CONVERGENT,0.12,73.57,-0.24,MOMENTUM|RSI_STACK|CONVERGENT
SANSERA,L3_CONVERGENT,85,SUSTAINED,MATURE_CONVERGENT,2.74,76.26,-5.48,MOMENTUM|RSI_STACK|CONVERGENT
ATHERENERG,L3_CONVERGENT,85,SUSTAINED,MATURE_CONVERGENT,2.51,75.02,-5.02,MOMENTUM|RSI_STACK|CONVERGENT
MOREPENLAB,L3_CONVERGENT,85,SUSTAINED,MATURE_CONVERGENT,1.36,73.51,2.72,MOMENTUM|RSI_STACK|CONVERGENT
SONACOMS,L3_CONVERGENT,85,SUSTAINED,MATURE_CONVERGENT,0.89,74.31,-1.79,MOMENTUM|RSI_STACK|CONVERGENT
NRL,L3_CONVERGENT,85,SUSTAINED,MATURE_CONVERGENT,0.27,77.19,-0.54,MOMENTUM|RSI_STACK|CONVERGENT
ALIVUS,L3_CONVERGENT,85,DECELERATING,MATURE_CONVERGENT,0.1,70.33,0.21,MOMENTUM|RSI_STACK|CONVERGENT
MWL,L3_CONVERGENT,85,SUSTAINED,MATURE_CONVERGENT,0.71,77.99,-1.42,MOMENTUM|RSI_STACK|CONVERGENT
MMFL,L3_CONVERGENT,85,SUSTAINED,MATURE_CONVERGENT,1.37,72.05,2.75,MOMENTUM|RSI_STACK|CONVERGENT
SSWL,L3_CONVERGENT,85,DECELERATING,MATURE_CONVERGENT,1.32,70.99,2.64,MOMENTUM|RSI_STACK|CONVERGENT
RAIN,L3_CONVERGENT,85,SUSTAINED,MATURE_CONVERGENT,2.07,70.54,-4.14,MOMENTUM|RSI_STACK|CONVERGENT
DIVISLAB,L3_CONVERGENT,85,DECELERATING,MATURE_CONVERGENT,0.56,74.82,-1.11,MOMENTUM|RSI_STACK|CONVERGENT
SPECTRUM,L3_CONVERGENT,85,SUSTAINED,MATURE_CONVERGENT,0.84,71.17,-1.69,MOMENTUM|RSI_STACK|CONVERGENT
SOTL,L3_CONVERGENT,85,SUSTAINED,MATURE_CONVERGENT,0.84,72.35,1.68,MOMENTUM|RSI_STACK|CONVERGENT
DCI,L3_CONVERGENT,75,SUSTAINED,DEVELOPING_CONVERGENT,4.43,66.11,8.86,MOMENTUM|RSI_STACK|CONVERGENT
ATULAUTO,L3_CONVERGENT,75,SUSTAINED,DEVELOPING_CONVERGENT,4.91,66.74,9.82,MOMENTUM|RSI_STACK|CONVERGENT
BAFNAPH,L3_CONVERGENT,75,SUSTAINED,DEVELOPING_CONVERGENT,3.13,76.94,6.26,MOMENTUM|RSI_STACK|CONVERGENT
BETA,L3_CONVERGENT,75,SUSTAINED,DEVELOPING_CONVERGENT,3.25,67.85,-6.49,MOMENTUM|RSI_STACK|CONVERGENT
DIACABS,L3_CONVERGENT,75,SUSTAINED,DEVELOPING_CONVERGENT,3.28,80.43,-6.56,MOMENTUM|RSI_STACK|CONVERGENT
NAZARA,L3_CONVERGENT,75,SUSTAINED,DEVELOPING_CONVERGENT,4.61,70.47,9.23,MOMENTUM|RSI_STACK|CONVERGENT
IOLCP,L3_CONVERGENT,75,BOUNCE,DEVELOPING_CONVERGENT,4.27,65.3,-8.53,MOMENTUM|RSI_STACK|CONVERGENT
PPLPHARMA,L3_CONVERGENT,75,SUSTAINED,DEVELOPING_CONVERGENT,3.82,67.04,7.65,MOMENTUM|RSI_STACK|CONVERGENT
ASKAUTOLTD,L3_CONVERGENT,75,SUSTAINED,DEVELOPING_CONVERGENT,3.04,77.63,6.07,MOMENTUM|RSI_STACK|CONVERGENT
UNIPARTS,L3_CONVERGENT,75,SUSTAINED,DEVELOPING_CONVERGENT,3.0,69.43,-6.0,MOMENTUM|RSI_STACK|CONVERGENT
CNL,L3_CONVERGENT,75,SUSTAINED,DEVELOPING_CONVERGENT,4.17,73.78,-8.35,MOMENTUM|RSI_STACK|CONVERGENT
UFBL,L3_CONVERGENT,75,SUSTAINED,DEVELOPING_CONVERGENT,4.61,72.21,-9.22,MOMENTUM|RSI_STACK|CONVERGENT
SHAILY,L3_CONVERGENT,75,SUSTAINED,DEVELOPING_CONVERGENT,3.01,69.9,6.02,MOMENTUM|RSI_STACK|CONVERGENT
RKFORGE,L3_CONVERGENT,75,SUSTAINED,DEVELOPING_CONVERGENT,3.97,66.97,7.94,MOMENTUM|RSI_STACK|CONVERGENT
HEG,L3_CONVERGENT,75,SUSTAINED,DEVELOPING_CONVERGENT,3.45,65.5,6.91,MOMENTUM|RSI_STACK|CONVERGENT
TMB,L3_CONVERGENT,75,SUSTAINED,DEVELOPING_CONVERGENT,3.95,66.73,-7.89,MOMENTUM|RSI_STACK|CONVERGENT
GRWRHITECH,L3_CONVERGENT,75,SUSTAINED,DEVELOPING_CONVERGENT,4.8,68.98,-9.61,MOMENTUM|RSI_STACK|CONVERGENT
MMP,L3_CONVERGENT,75,SUSTAINED,DEVELOPING_CONVERGENT,3.73,67.09,7.45,MOMENTUM|RSI_STACK|CONVERGENT
SMARTLINK,L3_CONVERGENT,75,DECELERATING,DEVELOPING_CONVERGENT,3.8,66.47,-7.6,MOMENTUM|RSI_STACK|CONVERGENT
BHARATFORG,L3_CONVERGENT,75,SUSTAINED,DEVELOPING_CONVERGENT,4.21,65.25,-8.43,MOMENTUM|RSI_STACK|CONVERGENT
GABRIEL,L3_CONVERGENT,75,SUSTAINED,DEVELOPING_CONVERGENT,3.05,67.41,-6.1,MOMENTUM|RSI_STACK|CONVERGENT
GLAND,L3_CONVERGENT,75,SUSTAINED,DEVELOPING_CONVERGENT,3.09,66.04,-6.19,MOMENTUM|RSI_STACK|CONVERGENT
ORTEL,L3_CONVERGENT,75,SUSTAINED,DEVELOPING_CONVERGENT,3.98,65.16,7.96,MOMENTUM|RSI_STACK|CONVERGENT
AGARWALEYE,L3_CONVERGENT,75,SUSTAINED,DEVELOPING_CONVERGENT,3.25,65.08,6.49,MOMENTUM|RSI_STACK|CONVERGENT
TFCILTD,L3_CONVERGENT,75,SUSTAINED,DEVELOPING_CONVERGENT,4.09,76.84,8.19,MOMENTUM|RSI_STACK|CONVERGENT
MENONBE,L3_CONVERGENT,75,DECELERATING,DEVELOPING_CONVERGENT,3.67,71.0,-7.35,MOMENTUM|RSI_STACK|CONVERGENT
LAURUSLABS,L3_CONVERGENT,75,DECELERATING,DEVELOPING_CONVERGENT,3.33,79.19,-6.66,MOMENTUM|RSI_STACK|CONVERGENT
SCPL,L3_CONVERGENT,75,SUSTAINED,DEVELOPING_CONVERGENT,3.2,69.78,-6.41,MOMENTUM|RSI_STACK|CONVERGENT
RADICO,L3_CONVERGENT,75,SUSTAINED,DEVELOPING_CONVERGENT,4.13,74.61,-8.26,MOMENTUM|RSI_STACK|CONVERGENT
OCCLLTD,L3_CONVERGENT,75,DECELERATING,DEVELOPING_CONVERGENT,3.71,67.52,-7.41,MOMENTUM|RSI_STACK|CONVERGENT
PAYTM,L3_CONVERGENT,75,SUSTAINED,DEVELOPING_CONVERGENT,3.24,66.44,6.48,MOMENTUM|RSI_STACK|CONVERGENT
STEELCAS,L3_CONVERGENT,75,DECELERATING,DEVELOPING_CONVERGENT,4.83,67.77,-9.66,MOMENTUM|RSI_STACK|CONVERGENT
LLOYDSME,L3_CONVERGENT,75,SUSTAINED,DEVELOPING_CONVERGENT,4.32,68.95,-8.65,MOMENTUM|RSI_STACK|CONVERGENT
NAVINFLUOR,L3_CONVERGENT,75,SUSTAINED,DEVELOPING_CONVERGENT,3.65,71.59,-7.3,MOMENTUM|RSI_STACK|CONVERGENT
RBA,L3_CONVERGENT,75,SUSTAINED,DEVELOPING_CONVERGENT,4.78,70.58,9.56,MOMENTUM|RSI_STACK|CONVERGENT
SKYGOLD,L3_CONVERGENT,75,SUSTAINED,DEVELOPING_CONVERGENT,3.05,69.22,-6.09,MOMENTUM|RSI_STACK|CONVERGENT
SIGMAADV,L3_CONVERGENT,75,SUSTAINED,DEVELOPING_CONVERGENT,3.6,73.41,-7.21,MOMENTUM|RSI_STACK|CONVERGENT
SHILPAMED,L3_CONVERGENT,75,SUSTAINED,DEVELOPING_CONVERGENT,4.09,76.98,-8.19,MOMENTUM|RSI_STACK|CONVERGENT
SWANDEF,L1_MOMENTUM,45,SUSTAINED,MATURE_CONVERGENT,0.01,72.46,-0.02,MOMENTUM
OLECTRA,L2_MOMENTUM_RSI,40,SUSTAINED,NEUTRAL,0.18,55.11,0.36,MOMENTUM|RSI_STACK
VLSFINANCE,L2_MOMENTUM_RSI,40,SUSTAINED,NEUTRAL,3.07,56.78,6.14,MOMENTUM|RSI_STACK
BAJAJ-AUTO,L2_MOMENTUM_RSI,40,SUSTAINED,NEUTRAL,1.18,66.16,-2.36,MOMENTUM|RSI_STACK
VSSL,L2_MOMENTUM_RSI,40,SUSTAINED,NEUTRAL,2.65,69.3,5.3,MOMENTUM|RSI_STACK
VRLLOG,L2_MOMENTUM_RSI,40,SUSTAINED,NEUTRAL,6.95,64.87,13.9,MOMENTUM|RSI_STACK
MOTHERSON,L2_MOMENTUM_RSI,40,SUSTAINED,NEUTRAL,1.82,63.82,-3.63,MOMENTUM|RSI_STACK
JSWSTEEL,L2_MOMENTUM_RSI,40,SUSTAINED,NEUTRAL,1.04,59.83,-2.09,MOMENTUM|RSI_STACK
VHL,L2_MOMENTUM_RSI,40,SUSTAINED,NEUTRAL,1.72,53.6,3.43,MOMENTUM|RSI_STACK
VERANDA,L2_MOMENTUM_RSI,40,SUSTAINED,NEUTRAL,0.66,60.51,1.31,MOMENTUM|RSI_STACK
VARDHACRLC,L2_MOMENTUM_RSI,40,WEAK,NEUTRAL,1.52,56.76,-3.04,MOMENTUM|RSI_STACK
UNIVPHOTO,L2_MOMENTUM_RSI,40,ACCELERATING,NEUTRAL,1.94,63.44,3.88,MOMENTUM|RSI_STACK
SJS,L2_MOMENTUM_RSI,40,SUSTAINED,NEUTRAL,2.58,65.92,-5.16,MOMENTUM|RSI_STACK
SUPRAJIT,L2_MOMENTUM_RSI,40,SUSTAINED,NEUTRAL,3.08,63.9,6.16,MOMENTUM|RSI_STACK
SUNFLAG,L2_MOMENTUM_RSI,40,SUSTAINED,NEUTRAL,0.78,63.54,-1.55,MOMENTUM|RSI_STACK
SUDARSCHEM,L2_MOMENTUM_RSI,40,SUSTAINED,NEUTRAL,3.28,61.66,6.57,MOMENTUM|RSI_STACK
PVRINOX,L2_MOMENTUM_RSI,40,DECELERATING,NEUTRAL,2.92,62.83,5.85,MOMENTUM|RSI_STACK
PRUDENT,L2_MOMENTUM_RSI,40,DECELERATING,NEUTRAL,0.58,62.53,-1.17,MOMENTUM|RSI_STACK
PRECWIRE,L2_MOMENTUM_RSI,40,SUSTAINED,NEUTRAL,2.0,60.86,-4.0,MOMENTUM|RSI_STACK
PGIL,L2_MOMENTUM_RSI,40,SUSTAINED,NEUTRAL,0.08,66.13,0.16,MOMENTUM|RSI_STACK
PARAS,L2_MOMENTUM_RSI,40,SUSTAINED,NEUTRAL,2.35,63.43,-4.69,MOMENTUM|RSI_STACK
SMLMAH,L2_MOMENTUM_RSI,40,SUSTAINED,NEUTRAL,1.29,67.62,2.59,MOMENTUM|RSI_STACK
NAM-INDIA,L2_MOMENTUM_RSI,40,WEAK,NEUTRAL,3.45,59.32,-6.9,MOMENTUM|RSI_STACK
LINDEINDIA,L2_MOMENTUM_RSI,40,WEAK,NEUTRAL,0.05,53.92,0.1,MOMENTUM|RSI_STACK
RICOAUTO,L2_MOMENTUM_RSI,40,SUSTAINED,NEUTRAL,0.4,61.86,0.81,MOMENTUM|RSI_STACK
RGL,L2_MOMENTUM_RSI,40,SUSTAINED,NEUTRAL,1.88,55.91,3.75,MOMENTUM|RSI_STACK
RBZJEWEL,L2_MOMENTUM_RSI,40,WEAK,NEUTRAL,1.53,55.73,3.05,MOMENTUM|RSI_STACK
RATNAVEER,L2_MOMENTUM_RSI,40,DECELERATING,NEUTRAL,0.04,62.28,-0.09,MOMENTUM|RSI_STACK
RAMRAT,L2_MOMENTUM_RSI,40,SUSTAINED,NEUTRAL,1.65,63.85,-3.29,MOMENTUM|RSI_STACK
SIRCA,L2_MOMENTUM_RSI,40,SUSTAINED,NEUTRAL,8.32,62.94,16.64,MOMENTUM|RSI_STACK
SIKKO,L2_MOMENTUM_RSI,40,SUSTAINED,DIVERGENT_BULLISH,7.38,70.9,14.77,MOMENTUM|RSI_STACK
SIGIND,L2_MOMENTUM_RSI,40,SUSTAINED,DIVERGENT_BULLISH,8.13,74.51,16.26,MOMENTUM|RSI_STACK
SHREEPUSHK,L2_MOMENTUM_RSI,40,SUSTAINED,NEUTRAL,0.76,59.03,1.52,MOMENTUM|RSI_STACK
CHOLAFIN,L2_MOMENTUM_RSI,40,SUSTAINED,NEUTRAL,1.39,63.55,2.77,MOMENTUM|RSI_STACK
VINDHYATEL,L2_MOMENTUM_RSI,40,DECELERATING,NEUTRAL,0.22,61.55,-0.45,MOMENTUM|RSI_STACK
VIMTALABS,L2_MOMENTUM_RSI,40,DECELERATING,NEUTRAL,1.6,61.32,3.21,MOMENTUM|RSI_STACK
VIJIFIN,L2_MOMENTUM_RSI,40,SUSTAINED,NEUTRAL,5.21,91.09,10.42,MOMENTUM|RSI_STACK
PIDILITIND,L2_MOMENTUM_RSI,40,SUSTAINED,NEUTRAL,0.89,65.51,-1.79,MOMENTUM|RSI_STACK
ROLLT,L2_MOMENTUM_RSI,40,SUSTAINED,NEUTRAL,0.79,63.18,1.58,MOMENTUM|RSI_STACK
RITCO,L2_MOMENTUM_RSI,40,DECELERATING,NEUTRAL,2.13,62.69,4.26,MOMENTUM|RSI_STACK
POONAWALLA,L2_MOMENTUM_RSI,40,SUSTAINED,NEUTRAL,1.53,59.79,3.06,MOMENTUM|RSI_STACK
KEI,L2_MOMENTUM_RSI,40,SUSTAINED,NEUTRAL,0.93,62.95,1.87,MOMENTUM|RSI_STACK
HEROMOTOCO,L2_MOMENTUM_RSI,40,SUSTAINED,NEUTRAL,4.43,60.6,8.86,MOMENTUM|RSI_STACK
SHALPAINTS,L2_MOMENTUM_RSI,40,SUSTAINED,NEUTRAL,5.56,69.59,11.12,MOMENTUM|RSI_STACK
SHAHALLOYS,L2_MOMENTUM_RSI,40,BOUNCE,NEUTRAL,0.91,53.81,1.82,MOMENTUM|RSI_STACK
SANGHVIMOV,L2_MOMENTUM_RSI,40,SUSTAINED,NEUTRAL,0.36,62.51,-0.72,MOMENTUM|RSI_STACK
SANDESH,L2_MOMENTUM_RSI,40,SUSTAINED,NEUTRAL,7.95,68.14,15.91,MOMENTUM|RSI_STACK
SANATHAN,L2_MOMENTUM_RSI,40,DECELERATING,NEUTRAL,0.37,57.19,-0.73,MOMENTUM|RSI_STACK
SALSTEEL,L2_MOMENTUM_RSI,40,SUSTAINED,NEUTRAL,3.11,61.66,-6.23,MOMENTUM|RSI_STACK
SAHYADRI,L2_MOMENTUM_RSI,40,SUSTAINED,NEUTRAL,1.59,64.63,3.18,MOMENTUM|RSI_STACK
RPPL,L2_MOMENTUM_RSI,40,SUSTAINED,NEUTRAL,1.25,64.6,2.5,MOMENTUM|RSI_STACK
SUPREMEENG,L2_MOMENTUM_RSI,40,SUSTAINED,DIVERGENT_BULLISH,12.25,81.92,24.49,MOMENTUM|RSI_STACK
STALLION,L2_MOMENTUM_RSI,40,SUSTAINED,NEUTRAL,2.91,67.19,5.82,MOMENTUM|RSI_STACK
OFSS,L2_MOMENTUM_RSI,40,SUSTAINED,NEUTRAL,1.37,63.54,-2.75,MOMENTUM|RSI_STACK
ONMOBILE,L2_MOMENTUM_RSI,40,SUSTAINED,NEUTRAL,1.19,59.93,2.39,MOMENTUM|RSI_STACK
RAMANEWS,L2_MOMENTUM_RSI,40,SUSTAINED,NEUTRAL,6.74,62.72,13.49,MOMENTUM|RSI_STACK
RAJRATAN,L2_MOMENTUM_RSI,40,DECELERATING,NEUTRAL,0.85,60.44,-1.69,MOMENTUM|RSI_STACK
AARTIIND,L2_MOMENTUM_RSI,40,SUSTAINED,NEUTRAL,1.06,57.62,-2.13,MOMENTUM|RSI_STACK
UNOMINDA,L2_MOMENTUM_RSI,40,SUSTAINED,NEUTRAL,6.13,64.82,12.26,MOMENTUM|RSI_STACK
RACLGEAR,L2_MOMENTUM_RSI,40,SUSTAINED,NEUTRAL,1.84,60.58,3.67,MOMENTUM|RSI_STACK
PVP,L2_MOMENTUM_RSI,40,SUSTAINED,NEUTRAL,5.22,60.48,10.44,MOMENTUM|RSI_STACK
PTC,L2_MOMENTUM_RSI,40,SUSTAINED,NEUTRAL,4.21,61.73,8.42,MOMENTUM|RSI_STACK
PRITIKAUTO,L2_MOMENTUM_RSI,40,SUSTAINED,NEUTRAL,0.15,58.39,0.3,MOMENTUM|RSI_STACK
PRICOLLTD,L2_MOMENTUM_RSI,40,DECELERATING,NEUTRAL,5.05,72.46,10.11,MOMENTUM|RSI_STACK
PRECOT,L2_MOMENTUM_RSI,40,SUSTAINED,NEUTRAL,3.91,63.49,-7.82,MOMENTUM|RSI_STACK
PPAP,L2_MOMENTUM_RSI,40,SUSTAINED,NEUTRAL,1.27,61.3,-2.54,MOMENTUM|RSI_STACK
POLYPLEX,L2_MOMENTUM_RSI,40,DECELERATING,NEUTRAL,0.71,61.2,-1.43,MOMENTUM|RSI_STACK
POKARNA,L2_MOMENTUM_RSI,40,BOUNCE,NEUTRAL,0.03,52.64,-0.07,MOMENTUM|RSI_STACK
PLASTIBLEN,L2_MOMENTUM_RSI,40,SUSTAINED,NEUTRAL,0.29,59.91,-0.57,MOMENTUM|RSI_STACK
ROSSTECH,L2_MOMENTUM_RSI,40,SUSTAINED,NEUTRAL,1.83,61.38,-3.66,MOMENTUM|RSI_STACK
NAHARCAP,L2_MOMENTUM_RSI,40,SUSTAINED,NEUTRAL,5.7,62.16,11.39,MOMENTUM|RSI_STACK
MUKANDLTD,L2_MOMENTUM_RSI,40,SUSTAINED,NEUTRAL,0.71,56.17,1.41,MOMENTUM|RSI_STACK
MUFIN,L2_MOMENTUM_RSI,40,SUSTAINED,NEUTRAL,1.0,60.29,-2.0,MOMENTUM|RSI_STACK
MPSLTD,L2_MOMENTUM_RSI,40,SUSTAINED,NEUTRAL,0.44,69.08,0.89,MOMENTUM|RSI_STACK
MOSMALL250,L2_MOMENTUM_RSI,40,SUSTAINED,NEUTRAL,0.78,61.61,-1.56,MOMENTUM|RSI_STACK
PDMJEPAPER,L2_MOMENTUM_RSI,40,SUSTAINED,NEUTRAL,5.16,60.55,10.32,MOMENTUM|RSI_STACK
PARASPETRO,L2_MOMENTUM_RSI,40,SUSTAINED,NEUTRAL,7.62,67.52,15.25,MOMENTUM|RSI_STACK
PANAMAPET,L2_MOMENTUM_RSI,40,WEAK,NEUTRAL,1.37,63.54,-2.75,MOMENTUM|RSI_STACK
PANACHE,L2_MOMENTUM_RSI,40,SUSTAINED,NEUTRAL,1.08,59.9,-2.16,MOMENTUM|RSI_STACK
BASF,L2_MOMENTUM_RSI,40,SUSTAINED,NEUTRAL,4.64,60.65,9.29,MOMENTUM|RSI_STACK
AZAD,L2_MOMENTUM_RSI,40,SUSTAINED,NEUTRAL,1.34,60.82,-2.69,MOMENTUM|RSI_STACK
ANANTRAJ,L2_MOMENTUM_RSI,40,DECELERATING,NEUTRAL,1.66,58.24,3.32,MOMENTUM|RSI_STACK
AFFLE,L2_MOMENTUM_RSI,40,SUSTAINED,NEUTRAL,3.38,59.54,6.75,MOMENTUM|RSI_STACK
AETHER,L2_MOMENTUM_RSI,40,SUSTAINED,NEUTRAL,2.16,69.82,-4.33,MOMENTUM|RSI_STACK
ORIENTCER,L2_MOMENTUM_RSI,40,BOUNCE,NEUTRAL,1.03,52.3,2.06,MOMENTUM|RSI_STACK
ORBTEXP,L2_MOMENTUM_RSI,40,SUSTAINED,NEUTRAL,1.29,63.93,-2.57,MOMENTUM|RSI_STACK
CUPID,L2_MOMENTUM_RSI,40,SUSTAINED,NEUTRAL,6.43,83.09,-12.86,MOMENTUM|RSI_STACK
CRISIL,L2_MOMENTUM_RSI,40,SUSTAINED,NEUTRAL,4.13,58.29,8.26,MOMENTUM|RSI_STACK
CRAFTSMAN,L2_MOMENTUM_RSI,40,SUSTAINED,NEUTRAL,0.36,68.78,0.73,MOMENTUM|RSI_STACK
MARINE,L2_MOMENTUM_RSI,40,SUSTAINED,NEUTRAL,1.75,67.43,3.49,MOMENTUM|RSI_STACK
MANOMAY,L2_MOMENTUM_RSI,40,SUSTAINED,NEUTRAL,5.5,59.75,11.0,MOMENTUM|RSI_STACK
MANCREDIT,L2_MOMENTUM_RSI,40,SUSTAINED,NEUTRAL,2.71,65.01,-5.43,MOMENTUM|RSI_STACK
MANAKSTEEL,L2_MOMENTUM_RSI,40,SUSTAINED,NEUTRAL,1.66,65.61,3.33,MOMENTUM|RSI_STACK
NURECA,L2_MOMENTUM_RSI,40,SUSTAINED,NEUTRAL,3.44,63.85,6.89,MOMENTUM|RSI_STACK
NRAIL,L2_MOMENTUM_RSI,40,SUSTAINED,NEUTRAL,2.3,61.15,4.6,MOMENTUM|RSI_STACK
CHENNPETRO,L2_MOMENTUM_RSI,40,DECELERATING,NEUTRAL,3.25,61.8,-6.51,MOMENTUM|RSI_STACK
CASTROLIND,L2_MOMENTUM_RSI,40,SUSTAINED,NEUTRAL,9.87,65.87,19.74,MOMENTUM|RSI_STACK
NILKAMAL,L2_MOMENTUM_RSI,40,SUSTAINED,NEUTRAL,1.76,66.44,-3.52,MOMENTUM|RSI_STACK
NGLFINE,L2_MOMENTUM_RSI,40,SUSTAINED,NEUTRAL,7.1,69.62,-14.2,MOMENTUM|RSI_STACK
NELCO,L2_MOMENTUM_RSI,40,SUSTAINED,NEUTRAL,0.99,62.07,1.98,MOMENTUM|RSI_STACK
NAHARSPING,L2_MOMENTUM_RSI,40,DECELERATING,NEUTRAL,0.71,64.8,-1.42,MOMENTUM|RSI_STACK
NAHARINDUS,L2_MOMENTUM_RSI,40,SUSTAINED,NEUTRAL,0.89,56.88,1.78,MOMENTUM|RSI_STACK
MOLDTECH,L2_MOMENTUM_RSI,40,SUSTAINED,DIVERGENT_BULLISH,7.29,73.36,14.58,MOMENTUM|RSI_STACK
MODEFENCE,L2_MOMENTUM_RSI,40,SUSTAINED,NEUTRAL,0.62,60.96,-1.25,MOMENTUM|RSI_STACK
SPECIALITY,L2_MOMENTUM_RSI,40,SUSTAINED,NEUTRAL,0.99,62.36,1.98,MOMENTUM|RSI_STACK
GAIL,L2_MOMENTUM_RSI,40,SUSTAINED,NEUTRAL,0.25,54.59,0.5,MOMENTUM|RSI_STACK
FLUOROCHEM,L2_MOMENTUM_RSI,40,DECELERATING,NEUTRAL,0.81,64.58,-1.63,MOMENTUM|RSI_STACK
ENDURANCE,L2_MOMENTUM_RSI,40,SUSTAINED,NEUTRAL,1.36,60.4,2.72,MOMENTUM|RSI_STACK
COFORGE,L2_MOMENTUM_RSI,40,SUSTAINED,NEUTRAL,3.91,64.06,7.81,MOMENTUM|RSI_STACK
BOSCHLTD,L2_MOMENTUM_RSI,40,WEAK,NEUTRAL,1.25,59.03,-2.49,MOMENTUM|RSI_STACK
BIOCON,L2_MOMENTUM_RSI,40,ACCELERATING,NEUTRAL,1.68,58.7,-3.35,MOMENTUM|RSI_STACK
SMALLCAP,L2_MOMENTUM_RSI,40,SUSTAINED,NEUTRAL,0.18,61.4,-0.35,MOMENTUM|RSI_STACK
THEJO,L2_MOMENTUM_RSI,40,SUSTAINED,NEUTRAL,2.79,65.62,5.58,MOMENTUM|RSI_STACK
TEMBO,L2_MOMENTUM_RSI,40,SUSTAINED,NEUTRAL,4.11,59.83,8.23,MOMENTUM|RSI_STACK
TATVA,L2_MOMENTUM_RSI,40,DECELERATING,NEUTRAL,1.34,65.87,-2.68,MOMENTUM|RSI_STACK
EXIDEIND,L2_MOMENTUM_RSI,40,SUSTAINED,NEUTRAL,0.48,69.69,-0.95,MOMENTUM|RSI_STACK
ENGINERSIN,L2_MOMENTUM_RSI,40,SUSTAINED,NEUTRAL,0.12,55.89,0.24,MOMENTUM|RSI_STACK
EMCURE,L2_MOMENTUM_RSI,40,DECELERATING,NEUTRAL,3.02,62.44,-6.04,MOMENTUM|RSI_STACK
JGCHEM,L2_MOMENTUM_RSI,40,SUSTAINED,NEUTRAL,1.45,68.0,2.89,MOMENTUM|RSI_STACK
JAMNAAUTO,L2_MOMENTUM_RSI,40,SUSTAINED,NEUTRAL,1.15,60.58,2.31,MOMENTUM|RSI_STACK
INDORAMA,L2_MOMENTUM_RSI,40,DECELERATING,NEUTRAL,0.1,65.24,0.21,MOMENTUM|RSI_STACK
MANAKALUCO,L2_MOMENTUM_RSI,40,ACCELERATING,NEUTRAL,0.94,56.51,1.89,MOMENTUM|RSI_STACK
MAHLOG,L2_MOMENTUM_RSI,40,DECELERATING,NEUTRAL,0.51,58.08,1.03,MOMENTUM|RSI_STACK
GRAPHITE,L2_MOMENTUM_RSI,40,SUSTAINED,NEUTRAL,2.41,59.91,4.83,MOMENTUM|RSI_STACK
MACPOWER,L2_MOMENTUM_RSI,40,SUSTAINED,NEUTRAL,1.44,68.64,2.89,MOMENTUM|RSI_STACK
LOKESHMACH,L2_MOMENTUM_RSI,40,ACCELERATING,NEUTRAL,2.79,66.98,-5.58,MOMENTUM|RSI_STACK
LANDMARK,L2_MOMENTUM_RSI,40,SUSTAINED,NEUTRAL,3.01,63.35,6.02,MOMENTUM|RSI_STACK
KROSS,L2_MOMENTUM_RSI,40,DECELERATING,NEUTRAL,0.41,53.12,0.83,MOMENTUM|RSI_STACK
KRONOX,L2_MOMENTUM_RSI,40,SUSTAINED,NEUTRAL,1.37,61.72,2.74,MOMENTUM|RSI_STACK
KRITINUT,L2_MOMENTUM_RSI,40,SUSTAINED,NEUTRAL,5.3,61.1,10.59,MOMENTUM|RSI_STACK
KOTHARIPET,L2_MOMENTUM_RSI,40,SUSTAINED,NEUTRAL,3.14,61.58,6.28,MOMENTUM|RSI_STACK
KOLTEPATIL,L2_MOMENTUM_RSI,40,SUSTAINED,NEUTRAL,3.64,63.52,7.28,MOMENTUM|RSI_STACK
KNAGRI,L2_MOMENTUM_RSI,40,SUSTAINED,NEUTRAL,0.82,53.48,1.64,MOMENTUM|RSI_STACK
KKCL,L2_MOMENTUM_RSI,40,DECELERATING,NEUTRAL,1.01,56.44,2.02,MOMENTUM|RSI_STACK
KIOCL,L2_MOMENTUM_RSI,40,SUSTAINED,NEUTRAL,1.48,54.46,2.96,MOMENTUM|RSI_STACK
IGARASHI,L2_MOMENTUM_RSI,40,SUSTAINED,NEUTRAL,2.61,60.06,5.21,MOMENTUM|RSI_STACK
IFGLEXPOR,L2_MOMENTUM_RSI,40,BOUNCE,NEUTRAL,2.24,57.8,4.49,MOMENTUM|RSI_STACK
IFBIND,L2_MOMENTUM_RSI,40,SUSTAINED,NEUTRAL,3.9,60.22,7.79,MOMENTUM|RSI_STACK
IDEAFORGE,L2_MOMENTUM_RSI,40,SUSTAINED,NEUTRAL,2.49,62.01,-4.99,MOMENTUM|RSI_STACK
HTMEDIA,L2_MOMENTUM_RSI,40,SUSTAINED,NEUTRAL,0.95,59.34,-1.89,MOMENTUM|RSI_STACK
HLEGLAS,L2_MOMENTUM_RSI,40,SUSTAINED,NEUTRAL,2.08,62.19,4.16,MOMENTUM|RSI_STACK
KICL,L2_MOMENTUM_RSI,40,SUSTAINED,NEUTRAL,1.1,57.07,-2.19,MOMENTUM|RSI_STACK
KHAITANLTD,L2_MOMENTUM_RSI,40,SUSTAINED,NEUTRAL,0.1,65.55,0.2,MOMENTUM|RSI_STACK
KECL,L2_MOMENTUM_RSI,40,SUSTAINED,NEUTRAL,2.41,64.5,4.82,MOMENTUM|RSI_STACK
KDDL,L2_MOMENTUM_RSI,40,SUSTAINED,NEUTRAL,1.03,69.86,2.07,MOMENTUM|RSI_STACK
KAPSTON,L2_MOMENTUM_RSI,40,DECELERATING,NEUTRAL,5.67,80.72,-11.34,MOMENTUM|RSI_STACK
KAMDHENU,L2_MOMENTUM_RSI,40,SUSTAINED,NEUTRAL,0.36,62.71,-0.72,MOMENTUM|RSI_STACK
JYOTICNC,L2_MOMENTUM_RSI,40,SUSTAINED,NEUTRAL,5.97,59.52,11.94,MOMENTUM|RSI_STACK
JUNIORBEES,L2_MOMENTUM_RSI,40,SUSTAINED,NEUTRAL,1.27,63.5,2.54,MOMENTUM|RSI_STACK
JINDRILL,L2_MOMENTUM_RSI,40,SUSTAINED,NEUTRAL,0.37,54.58,0.74,MOMENTUM|RSI_STACK
NEULANDLAB,L2_MOMENTUM_RSI,40,SUSTAINED,NEUTRAL,0.53,69.5,1.06,MOMENTUM|RSI_STACK
NETWEB,L2_MOMENTUM_RSI,40,SUSTAINED,NEUTRAL,1.11,59.95,-2.22,MOMENTUM|RSI_STACK
GULPOLY,L2_MOMENTUM_RSI,40,SUSTAINED,NEUTRAL,0.81,59.11,-1.61,MOMENTUM|RSI_STACK
GULFPETRO,L2_MOMENTUM_RSI,40,DECELERATING,NEUTRAL,1.29,69.64,2.59,MOMENTUM|RSI_STACK
GULFOILLUB,L2_MOMENTUM_RSI,40,SUSTAINED,NEUTRAL,6.05,64.97,12.11,MOMENTUM|RSI_STACK
GUJALKALI,L2_MOMENTUM_RSI,40,DECELERATING,NEUTRAL,0.18,56.94,-0.36,MOMENTUM|RSI_STACK
GUFICBIO,L2_MOMENTUM_RSI,40,SUSTAINED,NEUTRAL,1.19,61.54,-2.38,MOMENTUM|RSI_STACK
GOLDIAM,L2_MOMENTUM_RSI,40,SUSTAINED,NEUTRAL,0.75,59.98,-1.5,MOMENTUM|RSI_STACK
INDOAMIN,L2_MOMENTUM_RSI,40,ACCELERATING,NEUTRAL,0.99,54.14,1.97,MOMENTUM|RSI_STACK
IGPL,L2_MOMENTUM_RSI,40,DECELERATING,NEUTRAL,2.04,63.44,4.07,MOMENTUM|RSI_STACK
MINDACORP,L2_MOMENTUM_RSI,40,WEAK,NEUTRAL,2.31,63.4,-4.61,MOMENTUM|RSI_STACK
MEDANTA,L2_MOMENTUM_RSI,40,SUSTAINED,NEUTRAL,0.06,64.84,-0.11,MOMENTUM|RSI_STACK
MANAPPURAM,L2_MOMENTUM_RSI,40,WEAK,NEUTRAL,1.16,62.72,-2.31,MOMENTUM|RSI_STACK
LMW,L2_MOMENTUM_RSI,40,SUSTAINED,NEUTRAL,0.55,58.21,1.1,MOMENTUM|RSI_STACK
LALPATHLAB,L2_MOMENTUM_RSI,40,SUSTAINED,NEUTRAL,0.69,69.66,1.38,MOMENTUM|RSI_STACK
KIRLOSBROS,L2_MOMENTUM_RSI,40,SUSTAINED,NEUTRAL,0.63,57.58,1.25,MOMENTUM|RSI_STACK
GANDHITUBE,L2_MOMENTUM_RSI,40,DECELERATING,NEUTRAL,1.78,57.61,3.57,MOMENTUM|RSI_STACK
TATATECH,L2_MOMENTUM_RSI,40,SUSTAINED,NEUTRAL,0.24,62.45,0.49,MOMENTUM|RSI_STACK
SUNDRMFAST,L2_MOMENTUM_RSI,40,SUSTAINED,NEUTRAL,6.43,73.03,12.85,MOMENTUM|RSI_STACK
SUMICHEM,L2_MOMENTUM_RSI,40,WEAK,NEUTRAL,0.01,56.78,-0.01,MOMENTUM|RSI_STACK
SCI,L2_MOMENTUM_RSI,40,SUSTAINED,NEUTRAL,0.5,58.01,1.01,MOMENTUM|RSI_STACK
REDINGTON,L2_MOMENTUM_RSI,40,SUSTAINED,NEUTRAL,5.63,70.86,11.27,MOMENTUM|RSI_STACK
RBLBANK,L2_MOMENTUM_RSI,40,SUSTAINED,NEUTRAL,1.17,63.43,-2.33,MOMENTUM|RSI_STACK
RAINBOW,L2_MOMENTUM_RSI,40,DECELERATING,NEUTRAL,1.0,66.02,2.01,MOMENTUM|RSI_STACK
FOSECOIND,L2_MOMENTUM_RSI,40,SUSTAINED,NEUTRAL,2.36,58.88,4.72,MOMENTUM|RSI_STACK
HDFCSML250,L2_MOMENTUM_RSI,40,SUSTAINED,NEUTRAL,0.33,62.38,-0.67,MOMENTUM|RSI_STACK
HARSHA,L2_MOMENTUM_RSI,40,SUSTAINED,NEUTRAL,0.09,55.4,0.18,MOMENTUM|RSI_STACK
HARRMALAYA,L2_MOMENTUM_RSI,40,SUSTAINED,NEUTRAL,0.78,56.76,-1.56,MOMENTUM|RSI_STACK
PNBHOUSING,L2_MOMENTUM_RSI,40,SUSTAINED,NEUTRAL,0.03,62.87,-0.06,MOMENTUM|RSI_STACK
PFIZER,L2_MOMENTUM_RSI,40,SUSTAINED,NEUTRAL,4.94,57.15,9.87,MOMENTUM|RSI_STACK
NSLNISP,L2_MOMENTUM_RSI,40,SUSTAINED,NEUTRAL,0.81,54.17,1.62,MOMENTUM|RSI_STACK
NIACL,L2_MOMENTUM_RSI,40,BOUNCE,NEUTRAL,0.31,53.78,-0.62,MOMENTUM|RSI_STACK
ZFCVINDIA,L2_MOMENTUM_RSI,40,SUSTAINED,NEUTRAL,1.98,57.55,3.97,MOMENTUM|RSI_STACK
WELCORP,L2_MOMENTUM_RSI,40,SUSTAINED,NEUTRAL,6.11,76.97,-12.22,MOMENTUM|RSI_STACK
USHAMART,L2_MOMENTUM_RSI,40,SUSTAINED,NEUTRAL,2.96,59.6,-5.93,MOMENTUM|RSI_STACK
THELEELA,L2_MOMENTUM_RSI,40,SUSTAINED,NEUTRAL,0.43,62.92,0.87,MOMENTUM|RSI_STACK
TBOTEK,L2_MOMENTUM_RSI,40,SUSTAINED,NEUTRAL,2.38,61.6,4.76,MOMENTUM|RSI_STACK
EMIL,L2_MOMENTUM_RSI,40,SUSTAINED,NEUTRAL,3.07,64.87,6.14,MOMENTUM|RSI_STACK
EMAMIPAP,L2_MOMENTUM_RSI,40,DECELERATING,NEUTRAL,0.08,63.24,-0.16,MOMENTUM|RSI_STACK
ELGIRUBCO,L2_MOMENTUM_RSI,40,WEAK,NEUTRAL,0.66,56.59,1.31,MOMENTUM|RSI_STACK
DYCL,L2_MOMENTUM_RSI,40,WEAK,NEUTRAL,0.06,57.08,-0.11,MOMENTUM|RSI_STACK
DPABHUSHAN,L2_MOMENTUM_RSI,40,DECELERATING,NEUTRAL,2.67,62.89,5.34,MOMENTUM|RSI_STACK
DIVGIITTS,L2_MOMENTUM_RSI,40,SUSTAINED,NEUTRAL,1.91,62.17,-3.82,MOMENTUM|RSI_STACK
DIFFNKG,L2_MOMENTUM_RSI,40,SUSTAINED,NEUTRAL,0.54,66.14,1.08,MOMENTUM|RSI_STACK
GNA,L2_MOMENTUM_RSI,40,WEAK,NEUTRAL,2.27,61.7,-4.53,MOMENTUM|RSI_STACK
GHCLTEXTIL,L2_MOMENTUM_RSI,40,SUSTAINED,NEUTRAL,2.06,65.81,-4.12,MOMENTUM|RSI_STACK
GEECEE,L2_MOMENTUM_RSI,40,DECELERATING,NEUTRAL,0.87,57.36,1.74,MOMENTUM|RSI_STACK
GANESHBE,L2_MOMENTUM_RSI,40,SUSTAINED,NEUTRAL,1.47,61.67,-2.95,MOMENTUM|RSI_STACK
FMGOETZE,L2_MOMENTUM_RSI,40,ACCELERATING,NEUTRAL,1.75,56.88,3.5,MOMENTUM|RSI_STACK
EVEREADY,L2_MOMENTUM_RSI,40,SUSTAINED,NEUTRAL,0.02,53.62,-0.04,MOMENTUM|RSI_STACK
ESAFSFB,L2_MOMENTUM_RSI,40,SUSTAINED,NEUTRAL,0.07,68.28,0.14,MOMENTUM|RSI_STACK
TALBROAUTO,L2_MOMENTUM_RSI,40,SUSTAINED,NEUTRAL,2.44,68.44,-4.88,MOMENTUM|RSI_STACK
BERGEPAINT,L2_MOMENTUM_RSI,40,SUSTAINED,NEUTRAL,1.96,57.29,3.92,MOMENTUM|RSI_STACK
BALKRISIND,L2_MOMENTUM_RSI,40,DECELERATING,NEUTRAL,5.14,59.59,10.27,MOMENTUM|RSI_STACK
AUBANK,L2_MOMENTUM_RSI,40,SUSTAINED,NEUTRAL,0.57,60.15,-1.15,MOMENTUM|RSI_STACK
ASTERDM,L2_MOMENTUM_RSI,40,SUSTAINED,NEUTRAL,1.36,63.99,-2.72,MOMENTUM|RSI_STACK
APARINDS,L2_MOMENTUM_RSI,40,SUSTAINED,NEUTRAL,2.22,65.51,-4.44,MOMENTUM|RSI_STACK
AIAENG,L2_MOMENTUM_RSI,40,SUSTAINED,NEUTRAL,3.11,60.92,-6.21,MOMENTUM|RSI_STACK
ABCAPITAL,L2_MOMENTUM_RSI,40,SUSTAINED,NEUTRAL,4.38,64.68,-8.76,MOMENTUM|RSI_STACK
3MINDIA,L2_MOMENTUM_RSI,40,SUSTAINED,NEUTRAL,0.72,57.74,1.43,MOMENTUM|RSI_STACK
NUVOCO,L2_MOMENTUM_RSI,40,WEAK,NEUTRAL,1.5,54.89,3.01,MOMENTUM|RSI_STACK
SUPREMEINF,L2_MOMENTUM_RSI,40,SUSTAINED,NEUTRAL,2.54,57.41,5.07,MOMENTUM|RSI_STACK
UNIVCABLES,L2_MOMENTUM_RSI,40,DECELERATING,NEUTRAL,0.76,66.79,-1.52,MOMENTUM|RSI_STACK
UNIMECH,L2_MOMENTUM_RSI,40,SUSTAINED,NEUTRAL,0.9,63.72,-1.79,MOMENTUM|RSI_STACK
BODALCHEM,L2_MOMENTUM_RSI,40,DECELERATING,NEUTRAL,0.01,56.78,-0.02,MOMENTUM|RSI_STACK
BIRLACABLE,L2_MOMENTUM_RSI,40,SUSTAINED,NEUTRAL,2.89,67.08,5.78,MOMENTUM|RSI_STACK
BFINVEST,L2_MOMENTUM_RSI,40,DECELERATING,NEUTRAL,0.57,55.08,-1.15,MOMENTUM|RSI_STACK
DIAMONDYD,L2_MOMENTUM_RSI,40,WEAK,NEUTRAL,0.88,55.52,-1.77,MOMENTUM|RSI_STACK
DEEPINDS,L2_MOMENTUM_RSI,40,DECELERATING,NEUTRAL,2.23,68.58,4.46,MOMENTUM|RSI_STACK
DDEVPLSTIK,L2_MOMENTUM_RSI,40,SUSTAINED,NEUTRAL,3.74,62.6,7.47,MOMENTUM|RSI_STACK
DCMNVL,L2_MOMENTUM_RSI,40,SUSTAINED,NEUTRAL,2.85,58.19,5.71,MOMENTUM|RSI_STACK
DATAMATICS,L2_MOMENTUM_RSI,40,SUSTAINED,NEUTRAL,0.24,54.8,-0.48,MOMENTUM|RSI_STACK
BALRAMCHIN,L2_MOMENTUM_RSI,40,DECELERATING,NEUTRAL,3.68,63.47,-7.36,MOMENTUM|RSI_STACK
ASHAPURMIN,L2_MOMENTUM_RSI,40,SUSTAINED,NEUTRAL,0.38,58.09,0.75,MOMENTUM|RSI_STACK
ALKYLAMINE,L2_MOMENTUM_RSI,40,SUSTAINED,NEUTRAL,0.04,58.53,-0.08,MOMENTUM|RSI_STACK
ACE,L2_MOMENTUM_RSI,40,SUSTAINED,NEUTRAL,0.64,61.92,1.27,MOMENTUM|RSI_STACK
DALMIASUG,L2_MOMENTUM_RSI,40,DECELERATING,NEUTRAL,0.94,59.78,1.87,MOMENTUM|RSI_STACK
COUNCODOS,L2_MOMENTUM_RSI,40,WEAK,NEUTRAL,0.72,56.18,1.44,MOMENTUM|RSI_STACK
CORDSCABLE,L2_MOMENTUM_RSI,40,SUSTAINED,NEUTRAL,1.58,59.33,3.15,MOMENTUM|RSI_STACK
CLSEL,L2_MOMENTUM_RSI,40,SUSTAINED,NEUTRAL,1.78,55.24,3.57,MOMENTUM|RSI_STACK
GNFC,L2_MOMENTUM_RSI,40,SUSTAINED,NEUTRAL,0.58,58.02,1.16,MOMENTUM|RSI_STACK
GARFIBRES,L2_MOMENTUM_RSI,40,SUSTAINED,NEUTRAL,3.26,64.66,6.53,MOMENTUM|RSI_STACK
GAEL,L2_MOMENTUM_RSI,40,SUSTAINED,NEUTRAL,0.21,63.51,-0.41,MOMENTUM|RSI_STACK
FIEMIND,L2_MOMENTUM_RSI,40,SUSTAINED,NEUTRAL,0.11,63.2,-0.21,MOMENTUM|RSI_STACK
ETHOSLTD,L2_MOMENTUM_RSI,40,DECELERATING,NEUTRAL,2.87,60.25,5.73,MOMENTUM|RSI_STACK
AUTOIND,L2_MOMENTUM_RSI,40,SUSTAINED,NEUTRAL,1.16,60.05,2.32,MOMENTUM|RSI_STACK
AUTOAXLES,L2_MOMENTUM_RSI,40,DECELERATING,NEUTRAL,0.88,53.4,1.77,MOMENTUM|RSI_STACK
CHEVIOT,L2_MOMENTUM_RSI,40,SUSTAINED,NEUTRAL,0.52,55.74,1.04,MOMENTUM|RSI_STACK
CENTUM,L2_MOMENTUM_RSI,40,SUSTAINED,NEUTRAL,3.43,62.03,-6.85,MOMENTUM|RSI_STACK
CENTEXT,L2_MOMENTUM_RSI,40,DECELERATING,NEUTRAL,5.59,60.3,11.19,MOMENTUM|RSI_STACK
CARYSIL,L2_MOMENTUM_RSI,40,SUSTAINED,NEUTRAL,3.43,61.02,-6.87,MOMENTUM|RSI_STACK
EDELWEISS,L2_MOMENTUM_RSI,40,SUSTAINED,NEUTRAL,0.08,54.04,-0.16,MOMENTUM|RSI_STACK
DYNAMATECH,L2_MOMENTUM_RSI,40,SUSTAINED,NEUTRAL,1.82,59.32,3.64,MOMENTUM|RSI_STACK
DCBBANK,L2_MOMENTUM_RSI,40,SUSTAINED,NEUTRAL,2.21,58.36,-4.42,MOMENTUM|RSI_STACK
CERA,L2_MOMENTUM_RSI,40,SUSTAINED,NEUTRAL,0.74,57.22,-1.47,MOMENTUM|RSI_STACK
BOSCH-HCIL,L2_MOMENTUM_RSI,40,SUSTAINED,NEUTRAL,7.83,68.06,15.66,MOMENTUM|RSI_STACK
JUBLINGREA,L2_MOMENTUM_RSI,40,SUSTAINED,NEUTRAL,0.89,58.32,1.78,MOMENTUM|RSI_STACK
JKPAPER,L2_MOMENTUM_RSI,40,WEAK,NEUTRAL,0.24,55.97,0.48,MOMENTUM|RSI_STACK
INDIAGLYCO,L2_MOMENTUM_RSI,40,DECELERATING,NEUTRAL,0.82,60.17,-1.65,MOMENTUM|RSI_STACK
INDGN,L2_MOMENTUM_RSI,40,DECELERATING,NEUTRAL,2.46,58.76,4.92,MOMENTUM|RSI_STACK
IMFA,L2_MOMENTUM_RSI,40,SUSTAINED,NEUTRAL,0.96,59.21,1.92,MOMENTUM|RSI_STACK
ICIL,L2_MOMENTUM_RSI,40,SUSTAINED,NEUTRAL,1.65,62.79,-3.3,MOMENTUM|RSI_STACK
ANDHRSUGAR,L2_MOMENTUM_RSI,40,WEAK,NEUTRAL,0.13,54.01,0.27,MOMENTUM|RSI_STACK
AMBIKCO,L2_MOMENTUM_RSI,40,SUSTAINED,NEUTRAL,1.49,65.1,-2.99,MOMENTUM|RSI_STACK
ALPHA,L2_MOMENTUM_RSI,40,SUSTAINED,NEUTRAL,0.61,61.9,1.22,MOMENTUM|RSI_STACK
AKSHARCHEM,L2_MOMENTUM_RSI,40,SUSTAINED,NEUTRAL,6.64,67.03,13.27,MOMENTUM|RSI_STACK
BEPL,L2_MOMENTUM_RSI,40,DECELERATING,NEUTRAL,1.65,62.86,-3.29,MOMENTUM|RSI_STACK
BAJEL,L2_MOMENTUM_RSI,40,SUSTAINED,NEUTRAL,2.34,55.74,4.68,MOMENTUM|RSI_STACK
AYMSYNTEX,L2_MOMENTUM_RSI,40,DECELERATING,NEUTRAL,0.17,58.53,-0.33,MOMENTUM|RSI_STACK
AVADHSUGAR,L2_MOMENTUM_RSI,40,DECELERATING,NEUTRAL,0.44,66.88,-0.87,MOMENTUM|RSI_STACK
HCG,L2_MOMENTUM_RSI,40,SUSTAINED,NEUTRAL,0.3,58.82,-0.61,MOMENTUM|RSI_STACK
GREENLAM,L2_MOMENTUM_RSI,40,SUSTAINED,NEUTRAL,1.55,60.62,3.11,MOMENTUM|RSI_STACK
MIDHANI,L2_MOMENTUM_RSI,40,SUSTAINED,NEUTRAL,0.27,58.3,0.55,MOMENTUM|RSI_STACK
KTKBANK,L2_MOMENTUM_RSI,40,SUSTAINED,NEUTRAL,2.14,68.38,-4.28,MOMENTUM|RSI_STACK
KRBL,L2_MOMENTUM_RSI,40,SUSTAINED,NEUTRAL,1.43,54.44,2.86,MOMENTUM|RSI_STACK
KINGFA,L2_MOMENTUM_RSI,40,SUSTAINED,NEUTRAL,0.61,59.38,-1.23,MOMENTUM|RSI_STACK
A2ZINFRA,L2_MOMENTUM_RSI,40,DECELERATING,NEUTRAL,5.22,58.57,10.43,MOMENTUM|RSI_STACK
63MOONS,L2_MOMENTUM_RSI,40,DECELERATING,NEUTRAL,3.3,61.44,6.59,MOMENTUM|RSI_STACK
3IINFOLTD,L2_MOMENTUM_RSI,40,SUSTAINED,DIVERGENT_BULLISH,7.04,76.72,14.08,MOMENTUM|RSI_STACK
YATHARTH,L2_MOMENTUM_RSI,40,SUSTAINED,NEUTRAL,0.57,58.96,-1.14,MOMENTUM|RSI_STACK
VOLTAMP,L2_MOMENTUM_RSI,40,SUSTAINED,NEUTRAL,0.22,54.9,-0.43,MOMENTUM|RSI_STACK
VARROC,L2_MOMENTUM_RSI,40,SUSTAINED,NEUTRAL,1.25,69.6,2.49,MOMENTUM|RSI_STACK
UJJIVANSFB,L2_MOMENTUM_RSI,40,SUSTAINED,NEUTRAL,0.24,65.66,0.48,MOMENTUM|RSI_STACK
ATALREAL,L2_MOMENTUM_RSI,40,SUSTAINED,NEUTRAL,0.91,69.41,1.83,MOMENTUM|RSI_STACK
ARTEMISMED,L2_MOMENTUM_RSI,40,SUSTAINED,NEUTRAL,0.21,64.54,0.42,MOMENTUM|RSI_STACK
ARROWGREEN,L2_MOMENTUM_RSI,40,DECELERATING,NEUTRAL,2.29,66.45,4.58,MOMENTUM|RSI_STACK
ARMANFIN,L2_MOMENTUM_RSI,40,SUSTAINED,NEUTRAL,0.25,63.03,0.5,MOMENTUM|RSI_STACK
APOLLOPIPE,L2_MOMENTUM_RSI,40,DECELERATING,NEUTRAL,2.48,61.64,-4.96,MOMENTUM|RSI_STACK
VMART,L2_MOMENTUM_RSI,40,SUSTAINED,NEUTRAL,1.94,60.86,3.89,MOMENTUM|RSI_STACK
UNIDT,L2_MOMENTUM_RSI,40,WEAK,NEUTRAL,0.85,59.71,1.7,MOMENTUM|RSI_STACK
UEL,L2_MOMENTUM_RSI,40,SUSTAINED,DIVERGENT_BULLISH,8.22,79.16,16.43,MOMENTUM|RSI_STACK
360ONE,L2_MOMENTUM_RSI,40,SUSTAINED,NEUTRAL,1.89,57.98,3.79,MOMENTUM|RSI_STACK
UNIONBANK,L2_MOMENTUM_RSI,40,SUSTAINED,NEUTRAL,1.69,59.51,3.38,MOMENTUM|RSI_STACK
TVSMOTOR,L2_MOMENTUM_RSI,40,SUSTAINED,NEUTRAL,2.46,69.15,4.93,MOMENTUM|RSI_STACK
TRENT,L2_MOMENTUM_RSI,40,DECELERATING,NEUTRAL,2.56,56.17,5.11,MOMENTUM|RSI_STACK
TITAN,L2_MOMENTUM_RSI,40,SUSTAINED,NEUTRAL,2.02,68.95,4.04,MOMENTUM|RSI_STACK
SIEMENS,L2_MOMENTUM_RSI,40,DECELERATING,NEUTRAL,2.95,61.18,5.9,MOMENTUM|RSI_STACK
SHRIRAMFIN,L2_MOMENTUM_RSI,40,SUSTAINED,NEUTRAL,0.82,64.75,1.65,MOMENTUM|RSI_STACK
TVSELECT,L2_MOMENTUM_RSI,40,SUSTAINED,NEUTRAL,0.06,55.25,0.11,MOMENTUM|RSI_STACK
TNPETRO,L2_MOMENTUM_RSI,40,SUSTAINED,NEUTRAL,1.82,56.57,3.65,MOMENTUM|RSI_STACK
TITAGARH,L2_MOMENTUM_RSI,40,SUSTAINED,NEUTRAL,0.22,53.47,0.44,MOMENTUM|RSI_STACK
TIIL,L2_MOMENTUM_RSI,40,WEAK,NEUTRAL,0.94,56.12,1.88,MOMENTUM|RSI_STACK
TI,L2_MOMENTUM_RSI,40,DECELERATING,NEUTRAL,2.88,60.75,5.75,MOMENTUM|RSI_STACK
THYROCARE,L2_MOMENTUM_RSI,40,DECELERATING,NEUTRAL,2.45,64.19,-4.9,MOMENTUM|RSI_STACK
SOUTHBANK,L2_MOMENTUM_RSI,40,WEAK,NEUTRAL,2.96,59.28,-5.92,MOMENTUM|RSI_STACK
HAL,L2_MOMENTUM_RSI,40,SUSTAINED,NEUTRAL,5.4,64.98,10.81,MOMENTUM|RSI_STACK
GRASIM,L2_MOMENTUM_RSI,40,SUSTAINED,NEUTRAL,2.84,59.5,-5.67,MOMENTUM|RSI_STACK
ETERNAL,L2_MOMENTUM_RSI,40,SUSTAINED,NEUTRAL,2.88,63.45,5.76,MOMENTUM|RSI_STACK
VISAKAIND,L2_MOMENTUM_RSI,40,DECELERATING,NEUTRAL,0.32,62.28,-0.63,MOMENTUM|RSI_STACK
ICICIBANK,L2_MOMENTUM_RSI,40,SUSTAINED,NEUTRAL,1.34,61.37,2.69,MOMENTUM|RSI_STACK
HYUNDAI,L2_MOMENTUM_RSI,40,DECELERATING,NEUTRAL,5.67,62.83,11.35,MOMENTUM|RSI_STACK
HINDZINC,L2_MOMENTUM_RSI,40,SUSTAINED,NEUTRAL,3.76,58.14,7.52,MOMENTUM|RSI_STACK
YASHO,L2_MOMENTUM_RSI,40,DECELERATING,NEUTRAL,6.0,80.32,-12.0,MOMENTUM|RSI_STACK
WSTCSTPAPR,L2_MOMENTUM_RSI,40,SUSTAINED,NEUTRAL,1.32,64.85,2.64,MOMENTUM|RSI_STACK
WORTHPERI,L2_MOMENTUM_RSI,40,DECELERATING,NEUTRAL,3.05,59.81,6.1,MOMENTUM|RSI_STACK
BAJFINANCE,L2_MOMENTUM_RSI,40,DECELERATING,NEUTRAL,2.08,66.03,4.16,MOMENTUM|RSI_STACK
BAJAJFINSV,L2_MOMENTUM_RSI,40,DECELERATING,NEUTRAL,4.87,64.16,9.74,MOMENTUM|RSI_STACK
ABB,L2_MOMENTUM_RSI,40,SUSTAINED,NEUTRAL,0.17,62.71,0.33,MOMENTUM|RSI_STACK
AARVI,L2_MOMENTUM_RSI,40,DECELERATING,NEUTRAL,2.9,59.16,-5.8,MOMENTUM|RSI_STACK
AARTISURF,L2_MOMENTUM_RSI,40,SUSTAINED,NEUTRAL,6.7,71.35,13.41,MOMENTUM|RSI_STACK
AUTOIETF,L1_MOMENTUM,35,SUSTAINED,DEVELOPING_CONVERGENT,4.19,65.1,8.39,MOMENTUM
HONASA,L1_MOMENTUM,35,BOUNCE,DEVELOPING_CONVERGENT,4.35,66.87,-8.71,MOMENTUM
KERNEX,L1_MOMENTUM,35,SUSTAINED,DEVELOPING_CONVERGENT,3.71,65.51,-7.42,MOMENTUM
ANANDRATHI,L1_MOMENTUM,35,ACCELERATING,DEVELOPING_CONVERGENT,4.74,65.0,-9.48,MOMENTUM
AEGISLOG,L1_MOMENTUM,35,SUSTAINED,DEVELOPING_CONVERGENT,4.87,68.04,-9.74,MOMENTUM
WONDERLA,L1_MOMENTUM,20,WEAK,NEUTRAL,4.18,47.42,8.36,MOMENTUM
WCIL,L1_MOMENTUM,20,WEAK,NEUTRAL,0.44,40.96,-0.87,MOMENTUM
BAJAJHLDNG,L1_MOMENTUM,20,DECELERATING,NEUTRAL,3.92,58.0,7.85,MOMENTUM
BANKBARODA,L1_MOMENTUM,20,SUSTAINED,NEUTRAL,1.45,46.44,2.91,MOMENTUM
BEL,L1_MOMENTUM,20,BOUNCE,NEUTRAL,0.88,46.63,-1.76,MOMENTUM
VCL,L1_MOMENTUM,20,WEAK,NEUTRAL,3.71,50.89,7.43,MOMENTUM
VSTTILLERS,L1_MOMENTUM,20,SUSTAINED,NEUTRAL,3.04,46.72,6.07,MOMENTUM
CANBK,L1_MOMENTUM,20,SUSTAINED,NEUTRAL,2.67,52.61,5.35,MOMENTUM
ZOTA,L1_MOMENTUM,20,WEAK,NEUTRAL,2.47,45.95,-4.94,MOMENTUM
VPRPL,L1_MOMENTUM,20,SUSTAINED,NEUTRAL,8.92,42.25,17.85,MOMENTUM
ADANIPORTS,L1_MOMENTUM,20,WEAK,NEUTRAL,7.09,47.66,-14.18,MOMENTUM
HINDALCO,L1_MOMENTUM,20,SUSTAINED,NEUTRAL,0.26,58.15,-0.52,MOMENTUM
ENRIN,L1_MOMENTUM,20,WEAK,NEUTRAL,3.18,48.53,-6.37,MOMENTUM
DMART,L1_MOMENTUM,20,WEAK,NEUTRAL,1.42,45.05,-2.84,MOMENTUM
CGPOWER,L1_MOMENTUM,20,WEAK,NEUTRAL,4.61,52.96,-9.23,MOMENTUM
BHEL,L1_MOMENTUM,20,DECELERATING,NEUTRAL,5.32,57.89,-10.63,MOMENTUM
VINYLINDIA,L1_MOMENTUM,20,WEAK,NEUTRAL,0.78,47.71,-1.56,MOMENTUM
VINCOFE,L1_MOMENTUM,20,WEAK,NEUTRAL,2.63,49.66,-5.26,MOMENTUM
VIKASECO,L1_MOMENTUM,20,WEAK,NEUTRAL,2.49,35.37,4.97,MOMENTUM
POLYCAB,L1_MOMENTUM,20,SUSTAINED,NEUTRAL,3.28,55.67,-6.56,MOMENTUM
WEL,L1_MOMENTUM,20,SUSTAINED,NEUTRAL,9.97,60.08,19.95,MOMENTUM
RELIGARE,L1_MOMENTUM,20,BOUNCE,NEUTRAL,1.55,52.99,-3.11,MOMENTUM
RELAXO,L1_MOMENTUM,20,SUSTAINED,NEUTRAL,1.94,58.2,3.88,MOMENTUM
REDTAPE,L1_MOMENTUM,20,SUSTAINED,NEUTRAL,1.63,54.52,3.25,MOMENTUM
RCF,L1_MOMENTUM,20,BOUNCE,NEUTRAL,1.09,48.35,2.19,MOMENTUM
RATEGAIN,L1_MOMENTUM,20,WEAK,NEUTRAL,5.74,64.01,-11.48,MOMENTUM
QPOWER,L1_MOMENTUM,20,SUSTAINED,NEUTRAL,2.45,53.35,-4.89,MOMENTUM
PRSMJOHNSN,L1_MOMENTUM,20,SUSTAINED,NEUTRAL,4.36,45.47,8.72,MOMENTUM
PRAJIND,L1_MOMENTUM,20,BOUNCE,NEUTRAL,0.86,42.18,-1.72,MOMENTUM
PCJEWELLER,L1_MOMENTUM,20,WEAK,NEUTRAL,2.13,50.77,4.26,MOMENTUM
SONATSOFTW,L1_MOMENTUM,20,DECELERATING,NEUTRAL,3.09,56.94,6.18,MOMENTUM
SKFINDIA,L1_MOMENTUM,20,BOUNCE,NEUTRAL,6.77,38.72,13.55,MOMENTUM
SBFC,L1_MOMENTUM,20,SUSTAINED,NEUTRAL,4.19,54.11,8.39,MOMENTUM
SAREGAMA,L1_MOMENTUM,20,DECELERATING,NEUTRAL,4.25,62.75,-8.49,MOMENTUM
SAPPHIRE,L1_MOMENTUM,20,SUSTAINED,NEUTRAL,5.85,53.85,11.7,MOMENTUM
RPOWER,L1_MOMENTUM,20,BOUNCE,NEUTRAL,2.81,43.0,5.61,MOMENTUM
RITES,L1_MOMENTUM,20,SUSTAINED,NEUTRAL,3.03,55.78,6.07,MOMENTUM
AARON,L1_MOMENTUM,20,SUSTAINED,NEUTRAL,6.05,51.25,12.11,MOMENTUM
AAREYDRUGS,L1_MOMENTUM,20,WEAK,NEUTRAL,0.68,52.21,-1.35,MOMENTUM
AAATECH,L1_MOMENTUM,20,BOUNCE,NEUTRAL,0.65,49.63,1.3,MOMENTUM
5PAISA,L1_MOMENTUM,20,BOUNCE,NEUTRAL,0.02,54.16,-0.04,MOMENTUM
21STCENMGM,L1_MOMENTUM,20,SUSTAINED,NEUTRAL,13.85,68.14,27.7,MOMENTUM
WHIRLPOOL,L1_MOMENTUM,20,SUSTAINED,NEUTRAL,6.7,49.69,13.41,MOMENTUM
WESTLIFE,L1_MOMENTUM,20,SUSTAINED,NEUTRAL,4.36,61.31,8.71,MOMENTUM
WABAG,L1_MOMENTUM,20,BOUNCE,NEUTRAL,5.11,58.03,-10.23,MOMENTUM
VIYASH,L1_MOMENTUM,20,SUSTAINED,NEUTRAL,2.8,58.23,-5.61,MOMENTUM
TRIVENI,L1_MOMENTUM,20,WEAK,NEUTRAL,3.51,31.33,-7.01,MOMENTUM
TEJASNET,L1_MOMENTUM,20,WEAK,NEUTRAL,1.17,48.74,-2.35,MOMENTUM
TANLA,L1_MOMENTUM,20,DECELERATING,NEUTRAL,0.38,58.71,0.76,MOMENTUM
SWANCORP,L1_MOMENTUM,20,WEAK,NEUTRAL,3.71,42.96,7.42,MOMENTUM
SUVEN,L1_MOMENTUM,20,SUSTAINED,NEUTRAL,4.73,59.08,-9.45,MOMENTUM
SUPRIYA,L1_MOMENTUM,20,SUSTAINED,NEUTRAL,2.94,55.94,-5.89,MOMENTUM
SPARC,L1_MOMENTUM,20,ACCELERATING,NEUTRAL,5.06,53.33,-10.13,MOMENTUM
ADVENZYMES,L1_MOMENTUM,20,SUSTAINED,NEUTRAL,0.55,50.64,-1.11,MOMENTUM
ADSL,L1_MOMENTUM,20,SUSTAINED,NEUTRAL,1.73,45.52,3.47,MOMENTUM
ADROITINFO,L1_MOMENTUM,20,DECELERATING,NEUTRAL,4.59,53.7,9.18,MOMENTUM
ADL,L1_MOMENTUM,20,WEAK,NEUTRAL,0.83,47.59,1.65,MOMENTUM
ABAN,L1_MOMENTUM,20,SUSTAINED,NEUTRAL,8.92,52.47,17.84,MOMENTUM
NCC,L1_MOMENTUM,20,BOUNCE,NEUTRAL,2.95,45.28,5.9,MOMENTUM
MMTC,L1_MOMENTUM,20,SUSTAINED,NEUTRAL,0.42,49.27,-0.84,MOMENTUM
MAXESTATES,L1_MOMENTUM,20,BOUNCE,NEUTRAL,0.32,48.45,0.63,MOMENTUM
MARKSANS,L1_MOMENTUM,20,WEAK,NEUTRAL,3.48,60.28,-6.96,MOMENTUM
MANYAVAR,L1_MOMENTUM,20,SUSTAINED,NEUTRAL,11.03,62.37,22.06,MOMENTUM
MAHSEAMLES,L1_MOMENTUM,20,SUSTAINED,NEUTRAL,0.03,46.71,-0.06,MOMENTUM
LUMAXTECH,L1_MOMENTUM,20,SUSTAINED,NEUTRAL,3.15,59.9,6.3,MOMENTUM
LEMONTREE,L1_MOMENTUM,20,WEAK,NEUTRAL,3.01,46.23,6.01,MOMENTUM
KRN,L1_MOMENTUM,20,WEAK,NEUTRAL,4.25,54.78,-8.5,MOMENTUM
JYOTHYLAB,L1_MOMENTUM,20,SUSTAINED,NEUTRAL,7.32,45.25,14.63,MOMENTUM
AARTECH,L1_MOMENTUM,20,WEAK,NEUTRAL,0.65,49.43,1.3,MOMENTUM
ALPHAGEO,L1_MOMENTUM,20,DECELERATING,NEUTRAL,2.41,56.36,4.81,MOMENTUM
ALPA,L1_MOMENTUM,20,SUSTAINED,NEUTRAL,4.53,51.46,9.06,MOMENTUM
ALMONDZ,L1_MOMENTUM,20,WEAK,NEUTRAL,4.17,50.53,8.33,MOMENTUM
ALLCARGO,L1_MOMENTUM,20,SUSTAINED,NEUTRAL,15.19,54.81,30.38,MOMENTUM
ALICON,L1_MOMENTUM,20,SUSTAINED,NEUTRAL,7.5,59.17,15.0,MOMENTUM
ALBERTDAVD,L1_MOMENTUM,20,SUSTAINED,NEUTRAL,5.48,54.5,10.97,MOMENTUM
ALANKIT,L1_MOMENTUM,20,ACCELERATING,NEUTRAL,5.85,43.74,11.71,MOMENTUM
AKSHOPTFBR,L1_MOMENTUM,20,SUSTAINED,NEUTRAL,3.01,53.86,6.03,MOMENTUM
AKSHAR,L1_MOMENTUM,20,SUSTAINED,NEUTRAL,5.39,48.66,10.77,MOMENTUM
AKI,L1_MOMENTUM,20,ACCELERATING,NEUTRAL,5.75,43.19,11.49,MOMENTUM
AIROLAM,L1_MOMENTUM,20,SUSTAINED,NEUTRAL,3.07,51.93,6.15,MOMENTUM
AHLADA,L1_MOMENTUM,20,BOUNCE,NEUTRAL,3.71,41.33,7.41,MOMENTUM
AGARIND,L1_MOMENTUM,20,WEAK,NEUTRAL,4.54,49.72,9.09,MOMENTUM
AFFORDABLE,L1_MOMENTUM,20,ACCELERATING,NEUTRAL,5.33,50.91,10.66,MOMENTUM
AEROFLEX,L1_MOMENTUM,20,DECELERATING,NEUTRAL,5.71,57.84,-11.42,MOMENTUM
AEROENTER,L1_MOMENTUM,20,DECELERATING,NEUTRAL,1.98,59.55,-3.95,MOMENTUM
ANTGRAPHIC,L1_MOMENTUM,20,WEAK,NEUTRAL,1.95,41.06,3.91,MOMENTUM
ANTELOPUS,L1_MOMENTUM,20,WEAK,NEUTRAL,2.57,57.63,-5.14,MOMENTUM
JWL,L1_MOMENTUM,20,SUSTAINED,NEUTRAL,2.93,47.58,5.85,MOMENTUM
JSLL,L1_MOMENTUM,20,SUSTAINED,NEUTRAL,4.62,49.01,9.23,MOMENTUM
JPPOWER,L1_MOMENTUM,20,DECELERATING,NEUTRAL,0.72,52.21,1.44,MOMENTUM
JAYNECOIND,L1_MOMENTUM,20,SUSTAINED,NEUTRAL,1.17,54.73,-2.34,MOMENTUM
JAIBALAJI,L1_MOMENTUM,20,WEAK,NEUTRAL,1.54,44.38,3.08,MOMENTUM
IXIGO,L1_MOMENTUM,20,SUSTAINED,NEUTRAL,2.09,53.26,4.18,MOMENTUM
INTELLECT,L1_MOMENTUM,20,WEAK,NEUTRAL,1.17,45.18,2.34,MOMENTUM
INDIASHLTR,L1_MOMENTUM,20,BOUNCE,NEUTRAL,1.09,42.58,-2.17,MOMENTUM
ANSALAPI,L1_MOMENTUM,20,SUSTAINED,NEUTRAL,9.43,57.98,18.86,MOMENTUM
ANMOL,L1_MOMENTUM,20,WEAK,NEUTRAL,0.06,37.62,-0.11,MOMENTUM
ANKITMETAL,L1_MOMENTUM,20,DECELERATING,NEUTRAL,4.27,49.48,8.54,MOMENTUM
ANIKINDS,L1_MOMENTUM,20,WEAK,NEUTRAL,4.28,44.83,8.55,MOMENTUM
AMBICAAGAR,L1_MOMENTUM,20,BOUNCE,NEUTRAL,0.67,50.38,1.34,MOMENTUM
ASIANHOTNR,L1_MOMENTUM,20,BOUNCE,NEUTRAL,0.74,53.31,1.48,MOMENTUM
ASAL,L1_MOMENTUM,20,WEAK,NEUTRAL,1.16,50.57,-2.31,MOMENTUM
ARVSMART,L1_MOMENTUM,20,WEAK,NEUTRAL,0.47,50.97,0.95,MOMENTUM
ARVIND,L1_MOMENTUM,20,WEAK,NEUTRAL,4.81,62.5,-9.61,MOMENTUM
ARVEE,L1_MOMENTUM,20,WEAK,NEUTRAL,0.56,46.56,-1.11,MOMENTUM
ARTNIRMAN,L1_MOMENTUM,20,SUSTAINED,NEUTRAL,3.08,51.27,6.16,MOMENTUM
AROGRANITE,L1_MOMENTUM,20,ACCELERATING,NEUTRAL,4.84,50.18,9.67,MOMENTUM
ARIHANTSUP,L1_MOMENTUM,20,SUSTAINED,NEUTRAL,4.9,50.42,9.79,MOMENTUM
ARIES,L1_MOMENTUM,20,SUSTAINED,NEUTRAL,0.76,50.94,1.52,MOMENTUM
ARCHIES,L1_MOMENTUM,20,SUSTAINED,NEUTRAL,4.13,48.4,8.26,MOMENTUM
ARCHIDPLY,L1_MOMENTUM,20,WEAK,NEUTRAL,2.05,50.0,4.09,MOMENTUM
AQYLON,L1_MOMENTUM,20,BOUNCE,NEUTRAL,1.72,34.68,-3.45,MOMENTUM
APTECHT,L1_MOMENTUM,20,BOUNCE,NEUTRAL,0.88,47.7,1.76,MOMENTUM
APOLSINHOT,L1_MOMENTUM,20,SUSTAINED,NEUTRAL,0.92,51.19,1.83,MOMENTUM
APEX,L1_MOMENTUM,20,WEAK,NEUTRAL,4.8,46.27,-9.6,MOMENTUM
APCL,L1_MOMENTUM,20,BOUNCE,NEUTRAL,3.08,45.29,6.16,MOMENTUM
AVROIND,L1_MOMENTUM,20,BOUNCE,NEUTRAL,2.11,40.98,4.22,MOMENTUM
AVANTEL,L1_MOMENTUM,20,BOUNCE,NEUTRAL,2.52,49.05,-5.04,MOMENTUM
HAPPSTMNDS,L1_MOMENTUM,20,SUSTAINED,NEUTRAL,7.06,55.06,14.11,MOMENTUM
GSFC,L1_MOMENTUM,20,SUSTAINED,NEUTRAL,3.3,48.64,6.59,MOMENTUM
GANESHHOU,L1_MOMENTUM,20,WEAK,NEUTRAL,1.68,48.27,-3.36,MOMENTUM
GALAXYSURF,L1_MOMENTUM,20,WEAK,NEUTRAL,2.25,53.08,4.49,MOMENTUM
FINPIPE,L1_MOMENTUM,20,SUSTAINED,NEUTRAL,3.16,50.1,6.32,MOMENTUM
FEDFINA,L1_MOMENTUM,20,WEAK,NEUTRAL,2.3,51.6,-4.59,MOMENTUM
EUREKAFORB,L1_MOMENTUM,20,WEAK,NEUTRAL,2.68,47.62,5.37,MOMENTUM
EQUITASBNK,L1_MOMENTUM,20,WEAK,NEUTRAL,3.32,53.62,-6.63,MOMENTUM
AURUM,L1_MOMENTUM,20,WEAK,NEUTRAL,3.29,56.96,-6.57,MOMENTUM
ATLANTAA,L1_MOMENTUM,20,SUSTAINED,NEUTRAL,3.45,53.5,6.9,MOMENTUM
ATL,L1_MOMENTUM,20,SUSTAINED,NEUTRAL,5.54,55.02,11.09,MOMENTUM
ASMS,L1_MOMENTUM,20,SUSTAINED,NEUTRAL,4.58,43.81,9.16,MOMENTUM
ASIANTILES,L1_MOMENTUM,20,WEAK,NEUTRAL,3.36,49.37,6.72,MOMENTUM
BHAGYANGR,L1_MOMENTUM,20,WEAK,NEUTRAL,9.21,61.8,-18.42,MOMENTUM
BHAGERIA,L1_MOMENTUM,20,WEAK,NEUTRAL,2.52,52.52,-5.05,MOMENTUM
BHAGCHEM,L1_MOMENTUM,20,WEAK,NEUTRAL,2.0,53.05,-4.0,MOMENTUM
BESTAGRO,L1_MOMENTUM,20,DECELERATING,NEUTRAL,5.59,57.64,11.19,MOMENTUM
BEDMUTHA,L1_MOMENTUM,20,SUSTAINED,NEUTRAL,3.65,49.65,7.29,MOMENTUM
BEARDSELL,L1_MOMENTUM,20,WEAK,NEUTRAL,0.49,47.81,-0.98,MOMENTUM
BCLIND,L1_MOMENTUM,20,DECELERATING,NEUTRAL,0.61,53.91,1.22,MOMENTUM
BANSALWIRE,L1_MOMENTUM,20,SUSTAINED,NEUTRAL,0.35,53.75,0.71,MOMENTUM
BANKA,L1_MOMENTUM,20,WEAK,NEUTRAL,3.87,52.08,-7.74,MOMENTUM
BALAMINES,L1_MOMENTUM,20,BOUNCE,NEUTRAL,6.81,56.27,-13.63,MOMENTUM
BALAJITELE,L1_MOMENTUM,20,BOUNCE,NEUTRAL,0.36,45.83,-0.72,MOMENTUM
BAJAJINDEF,L1_MOMENTUM,20,ACCELERATING,NEUTRAL,1.84,44.27,3.68,MOMENTUM
BAJAJHIND,L1_MOMENTUM,20,WEAK,NEUTRAL,1.62,47.03,3.25,MOMENTUM
BAJAJELEC,L1_MOMENTUM,20,SUSTAINED,NEUTRAL,11.91,58.07,23.82,MOMENTUM
BAIDFIN,L1_MOMENTUM,20,BOUNCE,NEUTRAL,2.19,47.3,4.39,MOMENTUM
AVTNPL,L1_MOMENTUM,20,SUSTAINED,NEUTRAL,0.53,55.16,1.07,MOMENTUM
BPL,L1_MOMENTUM,20,WEAK,NEUTRAL,1.34,45.5,2.68,MOMENTUM
BOROLTD,L1_MOMENTUM,20,SUSTAINED,NEUTRAL,5.25,51.87,10.5,MOMENTUM
BORANA,L1_MOMENTUM,20,ACCELERATING,NEUTRAL,1.32,58.1,2.65,MOMENTUM
BOHRAIND,L1_MOMENTUM,20,SUSTAINED,NEUTRAL,4.48,46.44,8.96,MOMENTUM
BLUSPRING,L1_MOMENTUM,20,SUSTAINED,NEUTRAL,4.38,62.27,-8.75,MOMENTUM
BLUECOAST,L1_MOMENTUM,20,BOUNCE,NEUTRAL,0.14,43.66,0.28,MOMENTUM
BLKASHYAP,L1_MOMENTUM,20,SUSTAINED,NEUTRAL,0.89,51.66,1.77,MOMENTUM
BLISSGVS,L1_MOMENTUM,20,BOUNCE,NEUTRAL,8.69,66.88,-17.37,MOMENTUM
BLBLIMITED,L1_MOMENTUM,20,ACCELERATING,NEUTRAL,0.68,50.6,1.36,MOMENTUM
BIRLANU,L1_MOMENTUM,20,SUSTAINED,NEUTRAL,8.51,58.66,17.01,MOMENTUM
BIRLAMONEY,L1_MOMENTUM,20,WEAK,NEUTRAL,0.39,46.22,-0.78,MOMENTUM
BIL,L1_MOMENTUM,20,SUSTAINED,NEUTRAL,3.12,57.4,6.24,MOMENTUM
BIGBLOC,L1_MOMENTUM,20,BOUNCE,NEUTRAL,1.45,44.18,2.91,MOMENTUM
BHARATWIRE,L1_MOMENTUM,20,BOUNCE,NEUTRAL,0.97,51.23,-1.94,MOMENTUM
BHARATSE,L1_MOMENTUM,20,WEAK,NEUTRAL,2.61,56.91,-5.22,MOMENTUM
BHARATRAS,L1_MOMENTUM,20,SUSTAINED,NEUTRAL,6.92,47.12,13.84,MOMENTUM
CAPACITE,L1_MOMENTUM,20,BOUNCE,NEUTRAL,1.6,47.44,3.19,MOMENTUM
CAMLINFINE,L1_MOMENTUM,20,WEAK,NEUTRAL,2.62,47.22,5.24,MOMENTUM
CALSOFT,L1_MOMENTUM,20,SUSTAINED,NEUTRAL,3.66,54.09,-7.33,MOMENTUM
ELECON,L1_MOMENTUM,20,BOUNCE,NEUTRAL,1.02,45.48,-2.03,MOMENTUM
DBL,L1_MOMENTUM,20,DECELERATING,NEUTRAL,2.49,53.9,4.98,MOMENTUM
CLEAN,L1_MOMENTUM,20,WEAK,NEUTRAL,4.51,47.85,9.02,MOMENTUM
CELLO,L1_MOMENTUM,20,SUSTAINED,NEUTRAL,7.58,46.75,15.16,MOMENTUM
BSOFT,L1_MOMENTUM,20,DECELERATING,NEUTRAL,5.58,49.64,11.16,MOMENTUM
BLS,L1_MOMENTUM,20,SUSTAINED,NEUTRAL,5.03,49.04,10.06,MOMENTUM
BLACKBUCK,L1_MOMENTUM,20,BOUNCE,NEUTRAL,0.89,50.25,1.78,MOMENTUM
BIRLACORPN,L1_MOMENTUM,20,BOUNCE,NEUTRAL,0.28,42.7,-0.56,MOMENTUM
BATAINDIA,L1_MOMENTUM,20,SUSTAINED,NEUTRAL,8.4,49.46,16.81,MOMENTUM
BANCOINDIA,L1_MOMENTUM,20,SUSTAINED,NEUTRAL,1.67,55.83,3.34,MOMENTUM
BVCL,L1_MOMENTUM,20,SUSTAINED,NEUTRAL,1.45,51.09,2.9,MOMENTUM
BUTTERFLY,L1_MOMENTUM,20,BOUNCE,NEUTRAL,2.6,48.14,-5.19,MOMENTUM
BTML,L1_MOMENTUM,20,SUSTAINED,NEUTRAL,4.82,54.86,9.65,MOMENTUM
CROWN,L1_MOMENTUM,20,WEAK,NEUTRAL,2.87,46.04,5.75,MOMENTUM
CREATIVEYE,L1_MOMENTUM,20,WEAK,NEUTRAL,2.16,47.62,4.33,MOMENTUM
CORALFINAC,L1_MOMENTUM,20,SUSTAINED,NEUTRAL,3.54,49.68,7.08,MOMENTUM
CONFIPET,L1_MOMENTUM,20,DECELERATING,NEUTRAL,5.53,62.24,-11.06,MOMENTUM
COFFEEDAY,L1_MOMENTUM,20,SUSTAINED,NEUTRAL,3.67,56.68,7.35,MOMENTUM
CMSINFO,L1_MOMENTUM,20,DECELERATING,NEUTRAL,4.61,44.38,9.23,MOMENTUM
CLEDUCATE,L1_MOMENTUM,20,WEAK,NEUTRAL,4.99,53.73,9.98,MOMENTUM
CINELINE,L1_MOMENTUM,20,SUSTAINED,NEUTRAL,3.94,59.05,7.88,MOMENTUM
CIFL,L1_MOMENTUM,20,BOUNCE,NEUTRAL,2.14,41.42,4.28,MOMENTUM
CHEMCON,L1_MOMENTUM,20,DECELERATING,NEUTRAL,2.58,54.47,5.15,MOMENTUM
CHEMBOND,L1_MOMENTUM,20,BOUNCE,NEUTRAL,1.72,50.74,3.45,MOMENTUM
CENTRUM,L1_MOMENTUM,20,SUSTAINED,NEUTRAL,4.03,50.85,8.06,MOMENTUM
CCAVENUE,L1_MOMENTUM,20,SUSTAINED,NEUTRAL,1.35,54.3,2.69,MOMENTUM
CARRARO,L1_MOMENTUM,20,SUSTAINED,NEUTRAL,1.25,50.31,-2.51,MOMENTUM
CARERATING,L1_MOMENTUM,20,SUSTAINED,NEUTRAL,0.09,56.53,-0.18,MOMENTUM
CAPTRUST,L1_MOMENTUM,20,DECELERATING,NEUTRAL,11.07,56.08,22.15,MOMENTUM
DAMCAPITAL,L1_MOMENTUM,20,WEAK,NEUTRAL,3.67,46.07,7.35,MOMENTUM
BALUFORGE,L1_MOMENTUM,20,SUSTAINED,NEUTRAL,3.33,48.79,6.66,MOMENTUM
AXISCADES,L1_MOMENTUM,20,SUSTAINED,NEUTRAL,1.27,50.0,-2.54,MOMENTUM
ASTRAMICRO,L1_MOMENTUM,20,WEAK,NEUTRAL,6.23,64.85,-12.47,MOMENTUM
ARVINDFASN,L1_MOMENTUM,20,BOUNCE,NEUTRAL,0.14,49.07,-0.28,MOMENTUM
APOLLO,L1_MOMENTUM,20,SUSTAINED,NEUTRAL,3.57,57.05,-7.14,MOMENTUM
ALOKINDS,L1_MOMENTUM,20,BOUNCE,NEUTRAL,1.41,40.59,2.82,MOMENTUM
AHLUCONT,L1_MOMENTUM,20,WEAK,NEUTRAL,0.77,48.85,1.53,MOMENTUM
AFCONS,L1_MOMENTUM,20,WEAK,NEUTRAL,0.83,39.32,1.65,MOMENTUM
ABFRL,L1_MOMENTUM,20,SUSTAINED,NEUTRAL,8.29,49.67,16.58,MOMENTUM
AAVAS,L1_MOMENTUM,20,WEAK,NEUTRAL,0.89,46.14,-1.78,MOMENTUM
AARTIPHARM,L1_MOMENTUM,20,SUSTAINED,NEUTRAL,1.74,49.71,3.48,MOMENTUM
CYBERMEDIA,L1_MOMENTUM,20,BOUNCE,NEUTRAL,0.8,50.15,1.61,MOMENTUM
CURAA,L1_MOMENTUM,20,WEAK,NEUTRAL,3.39,43.75,6.78,MOMENTUM
CUBEXTUB,L1_MOMENTUM,20,SUSTAINED,NEUTRAL,1.6,45.88,3.2,MOMENTUM
CTE,L1_MOMENTUM,20,DECELERATING,NEUTRAL,6.07,59.1,12.15,MOMENTUM
DIAMINESQ,L1_MOMENTUM,20,SUSTAINED,NEUTRAL,4.3,53.17,8.6,MOMENTUM
DHUNINV,L1_MOMENTUM,20,BOUNCE,NEUTRAL,4.8,50.21,9.59,MOMENTUM
DHARAN,L1_MOMENTUM,20,WEAK,NEUTRAL,5.69,43.21,11.38,MOMENTUM
DHANBANK,L1_MOMENTUM,20,BOUNCE,NEUTRAL,4.25,53.0,-8.5,MOMENTUM
DHAMPURSUG,L1_MOMENTUM,20,DECELERATING,NEUTRAL,0.82,56.91,1.65,MOMENTUM
DGCONTENT,L1_MOMENTUM,20,ACCELERATING,NEUTRAL,2.6,45.5,5.2,MOMENTUM
DEVIT,L1_MOMENTUM,20,WEAK,NEUTRAL,2.56,45.21,5.12,MOMENTUM
DELTAMAGNT,L1_MOMENTUM,20,BOUNCE,NEUTRAL,2.03,46.66,4.05,MOMENTUM
DELTACORP,L1_MOMENTUM,20,WEAK,NEUTRAL,1.2,45.79,2.4,MOMENTUM
DECCANCE,L1_MOMENTUM,20,WEAK,NEUTRAL,5.09,45.83,10.18,MOMENTUM
DCXINDIA,L1_MOMENTUM,20,BOUNCE,NEUTRAL,0.33,45.14,-0.66,MOMENTUM
DCW,L1_MOMENTUM,20,WEAK,NEUTRAL,2.35,46.03,4.71,MOMENTUM
DCMSRIND,L1_MOMENTUM,20,WEAK,NEUTRAL,11.29,45.22,22.58,MOMENTUM
DCMFINSERV,L1_MOMENTUM,20,SUSTAINED,NEUTRAL,2.93,54.09,5.86,MOMENTUM
DCAL,L1_MOMENTUM,20,SUSTAINED,NEUTRAL,3.45,52.18,6.9,MOMENTUM
DBOL,L1_MOMENTUM,20,SUSTAINED,NEUTRAL,0.72,53.65,-1.43,MOMENTUM
EKC,L1_MOMENTUM,20,BOUNCE,NEUTRAL,1.05,47.81,2.1,MOMENTUM
EIMCOELECO,L1_MOMENTUM,20,WEAK,NEUTRAL,0.04,53.26,-0.08,MOMENTUM
DYNPRO,L1_MOMENTUM,20,DECELERATING,NEUTRAL,5.56,57.69,11.11,MOMENTUM
DWARKESH,L1_MOMENTUM,20,WEAK,NEUTRAL,1.21,45.98,-2.43,MOMENTUM
DVL,L1_MOMENTUM,20,SUSTAINED,NEUTRAL,8.71,61.85,17.41,MOMENTUM
DUCON,L1_MOMENTUM,20,ACCELERATING,NEUTRAL,2.8,44.59,5.59,MOMENTUM
DTIL,L1_MOMENTUM,20,BOUNCE,NEUTRAL,2.39,45.03,4.79,MOMENTUM
DSSL,L1_MOMENTUM,20,BOUNCE,NEUTRAL,2.67,50.07,-5.35,MOMENTUM
DREAMFOLKS,L1_MOMENTUM,20,SUSTAINED,NEUTRAL,8.83,43.41,17.65,MOMENTUM
DRCSYSTEMS,L1_MOMENTUM,20,SUSTAINED,NEUTRAL,3.88,45.14,7.77,MOMENTUM
DPSCLTD,L1_MOMENTUM,20,WEAK,NEUTRAL,3.82,41.62,7.63,MOMENTUM
DOLPHIN,L1_MOMENTUM,20,SUSTAINED,NEUTRAL,3.24,54.08,6.49,MOMENTUM
DOLLAR,L1_MOMENTUM,20,SUSTAINED,NEUTRAL,6.58,53.64,13.16,MOMENTUM
DMCC,L1_MOMENTUM,20,DECELERATING,NEUTRAL,1.53,54.38,3.06,MOMENTUM
DIGJAMLMTD,L1_MOMENTUM,20,DECELERATING,NEUTRAL,3.33,55.36,6.65,MOMENTUM
DICIND,L1_MOMENTUM,20,SUSTAINED,NEUTRAL,1.88,51.02,3.77,MOMENTUM
EMUDHRA,L1_MOMENTUM,20,SUSTAINED,NEUTRAL,10.8,63.65,21.6,MOMENTUM
EMSLIMITED,L1_MOMENTUM,20,WEAK,NEUTRAL,1.04,51.64,2.07,MOMENTUM
EMKAY,L1_MOMENTUM,20,WEAK,NEUTRAL,1.23,47.71,-2.45,MOMENTUM
ZENTEC,L1_MOMENTUM,20,BOUNCE,NEUTRAL,2.03,52.06,-4.07,MOMENTUM
WOCKPHARMA,L1_MOMENTUM,20,DECELERATING,NEUTRAL,2.67,59.97,-5.33,MOMENTUM
VINATIORGA,L1_MOMENTUM,20,SUSTAINED,NEUTRAL,5.6,49.12,11.2,MOMENTUM
VGUARD,L1_MOMENTUM,20,SUSTAINED,NEUTRAL,5.25,54.61,10.5,MOMENTUM
UCOBANK,L1_MOMENTUM,20,SUSTAINED,NEUTRAL,3.0,49.36,5.99,MOMENTUM
TRITURBINE,L1_MOMENTUM,20,SUSTAINED,NEUTRAL,1.69,55.61,-3.38,MOMENTUM
TIMKEN,L1_MOMENTUM,20,SUSTAINED,NEUTRAL,1.21,52.04,2.41,MOMENTUM
THANGAMAYL,L1_MOMENTUM,20,BOUNCE,NEUTRAL,6.69,50.12,-13.38,MOMENTUM
TEGA,L1_MOMENTUM,20,BOUNCE,NEUTRAL,0.76,45.3,1.51,MOMENTUM
TECHNOE,L1_MOMENTUM,20,BOUNCE,NEUTRAL,0.53,42.59,-1.05,MOMENTUM
TDPOWERSYS,L1_MOMENTUM,20,SUSTAINED,NEUTRAL,3.69,58.89,-7.37,MOMENTUM
ELIN,L1_MOMENTUM,20,SUSTAINED,NEUTRAL,4.17,42.67,8.35,MOMENTUM
ELECTCAST,L1_MOMENTUM,20,BOUNCE,NEUTRAL,0.24,44.11,0.47,MOMENTUM
GALAPREC,L1_MOMENTUM,20,SUSTAINED,NEUTRAL,5.43,62.1,-10.87,MOMENTUM
FUSION,L1_MOMENTUM,20,BOUNCE,NEUTRAL,1.14,55.26,-2.29,MOMENTUM
TATAELXSI,L1_MOMENTUM,20,WEAK,NEUTRAL,5.69,41.71,11.39,MOMENTUM
SYRMA,L1_MOMENTUM,20,WEAK,NEUTRAL,4.39,62.63,-8.78,MOMENTUM
STLTECH,L1_MOMENTUM,20,SUSTAINED,NEUTRAL,6.07,68.1,-12.15,MOMENTUM
SCHNEIDER,L1_MOMENTUM,20,BOUNCE,NEUTRAL,4.91,55.62,-9.82,MOMENTUM
SAMMAANCAP,L1_MOMENTUM,20,SUSTAINED,NEUTRAL,0.9,53.45,-1.8,MOMENTUM
RAMCOCEM,L1_MOMENTUM,20,WEAK,NEUTRAL,3.35,50.18,6.71,MOMENTUM
FMNL,L1_MOMENTUM,20,WEAK,NEUTRAL,0.82,45.59,-1.64,MOMENTUM
FCL,L1_MOMENTUM,20,WEAK,NEUTRAL,3.87,60.92,-7.74,MOMENTUM
EXICOM,L1_MOMENTUM,20,SUSTAINED,NEUTRAL,1.15,56.7,-2.3,MOMENTUM
EXCELINDUS,L1_MOMENTUM,20,DECELERATING,NEUTRAL,4.91,59.21,9.82,MOMENTUM
EVERESTIND,L1_MOMENTUM,20,WEAK,NEUTRAL,0.56,52.03,1.11,MOMENTUM
EUROTEXIND,L1_MOMENTUM,20,BOUNCE,NEUTRAL,2.2,43.48,-4.4,MOMENTUM
ESSENTIA,L1_MOMENTUM,20,SUSTAINED,NEUTRAL,3.0,45.0,5.99,MOMENTUM
EQUIPPP,L1_MOMENTUM,20,DECELERATING,NEUTRAL,0.91,56.71,-1.83,MOMENTUM
GOCLCORP,L1_MOMENTUM,20,WEAK,NEUTRAL,2.15,58.83,-4.31,MOMENTUM
GMMPFAUDLR,L1_MOMENTUM,20,SUSTAINED,NEUTRAL,9.79,63.57,19.59,MOMENTUM
GLOSTERLTD,L1_MOMENTUM,20,SUSTAINED,NEUTRAL,1.42,53.24,-2.83,MOMENTUM
GLOBUSSPR,L1_MOMENTUM,20,SUSTAINED,NEUTRAL,1.58,49.04,3.16,MOMENTUM
GKWLIMITED,L1_MOMENTUM,20,WEAK,NEUTRAL,1.9,44.21,-3.81,MOMENTUM
GICL,L1_MOMENTUM,20,SUSTAINED,NEUTRAL,5.8,39.83,11.61,MOMENTUM
GICHSGFIN,L1_MOMENTUM,20,BOUNCE,NEUTRAL,1.65,45.42,3.31,MOMENTUM
GFLLIMITED,L1_MOMENTUM,20,SUSTAINED,NEUTRAL,7.7,59.94,15.4,MOMENTUM
GEOJITFSL,L1_MOMENTUM,20,WEAK,NEUTRAL,1.03,53.72,-2.07,MOMENTUM
GENUSPAPER,L1_MOMENTUM,20,SUSTAINED,NEUTRAL,4.18,50.61,8.37,MOMENTUM
GAYAPROJ,L1_MOMENTUM,20,BOUNCE,NEUTRAL,6.97,53.23,-13.93,MOMENTUM
GATECH,L1_MOMENTUM,20,DECELERATING,NEUTRAL,1.95,59.27,3.9,MOMENTUM
GARUDA,L1_MOMENTUM,20,SUSTAINED,NEUTRAL,2.0,54.67,4.0,MOMENTUM
GANGESSECU,L1_MOMENTUM,20,WEAK,NEUTRAL,3.55,46.69,7.09,MOMENTUM
GANGAFORGE,L1_MOMENTUM,20,BOUNCE,NEUTRAL,5.04,41.91,10.07,MOMENTUM
GANDHAR,L1_MOMENTUM,20,WEAK,NEUTRAL,1.33,62.51,-2.66,MOMENTUM
GTLINFRA,L1_MOMENTUM,20,WEAK,NEUTRAL,1.65,44.73,-3.31,MOMENTUM
GTL,L1_MOMENTUM,20,WEAK,NEUTRAL,0.8,47.24,1.61,MOMENTUM
GTECJAINX,L1_MOMENTUM,20,SUSTAINED,NEUTRAL,1.49,57.36,2.98,MOMENTUM
GSS,L1_MOMENTUM,20,DECELERATING,NEUTRAL,8.3,47.85,16.59,MOMENTUM
GSLSU,L1_MOMENTUM,20,BOUNCE,NEUTRAL,3.49,32.2,6.98,MOMENTUM
GRPLTD,L1_MOMENTUM,20,WEAK,NEUTRAL,2.55,55.46,5.11,MOMENTUM
GRMOVER,L1_MOMENTUM,20,WEAK,NEUTRAL,2.17,34.09,4.34,MOMENTUM
GREENPOWER,L1_MOMENTUM,20,WEAK,NEUTRAL,0.38,42.42,-0.77,MOMENTUM
GREENPANEL,L1_MOMENTUM,20,SUSTAINED,NEUTRAL,5.22,51.07,10.43,MOMENTUM
GPTINFRA,L1_MOMENTUM,20,BOUNCE,NEUTRAL,1.63,49.58,-3.27,MOMENTUM
GOYALALUM,L1_MOMENTUM,20,BOUNCE,NEUTRAL,0.05,44.11,0.1,MOMENTUM
GOPAL,L1_MOMENTUM,20,WEAK,NEUTRAL,3.09,47.95,6.18,MOMENTUM
GOODLUCK,L1_MOMENTUM,20,SUSTAINED,NEUTRAL,2.48,58.91,-4.97,MOMENTUM
GOLDBEES,L1_MOMENTUM,20,ACCELERATING,NEUTRAL,0.46,56.45,0.93,MOMENTUM
GOKUL,L1_MOMENTUM,20,BOUNCE,NEUTRAL,0.08,49.0,0.17,MOMENTUM
GOCOLORS,L1_MOMENTUM,20,BOUNCE,NEUTRAL,3.03,44.29,6.06,MOMENTUM
HBSL,L1_MOMENTUM,20,SUSTAINED,NEUTRAL,7.32,54.37,14.65,MOMENTUM
HAVISHA,L1_MOMENTUM,20,SUSTAINED,NEUTRAL,7.08,53.06,14.16,MOMENTUM
HARIOMPIPE,L1_MOMENTUM,20,WEAK,NEUTRAL,0.11,51.74,0.22,MOMENTUM
GVKPIL,L1_MOMENTUM,20,WEAK,NEUTRAL,1.22,36.35,-2.44,MOMENTUM
PTCIL,L1_MOMENTUM,20,SUSTAINED,NEUTRAL,0.29,56.21,0.57,MOMENTUM
PSB,L1_MOMENTUM,20,BOUNCE,NEUTRAL,2.46,45.52,4.91,MOMENTUM
PRIVISCL,L1_MOMENTUM,20,WEAK,NEUTRAL,3.9,59.33,-7.79,MOMENTUM
POLYMED,L1_MOMENTUM,20,DECELERATING,NEUTRAL,1.77,54.32,3.54,MOMENTUM
PARADEEP,L1_MOMENTUM,20,WEAK,NEUTRAL,1.82,56.36,3.63,MOMENTUM
OLAELEC,L1_MOMENTUM,20,SUSTAINED,NEUTRAL,1.83,53.17,3.66,MOMENTUM
NIVABUPA,L1_MOMENTUM,20,WEAK,NEUTRAL,1.79,57.07,-3.58,MOMENTUM
NBCC,L1_MOMENTUM,20,SUSTAINED,NEUTRAL,0.46,47.3,-0.92,MOMENTUM
NAVA,L1_MOMENTUM,20,SUSTAINED,NEUTRAL,0.55,51.02,1.1,MOMENTUM
GUJTHEM,L1_MOMENTUM,20,BOUNCE,NEUTRAL,1.63,49.0,-3.27,MOMENTUM
GUJRAFFIA,L1_MOMENTUM,20,WEAK,NEUTRAL,1.14,48.5,2.29,MOMENTUM
GUJAPOLLO,L1_MOMENTUM,20,SUSTAINED,NEUTRAL,2.99,48.83,5.97,MOMENTUM
IBULLSLTD,L1_MOMENTUM,20,SUSTAINED,NEUTRAL,4.21,63.77,-8.43,MOMENTUM
HPL,L1_MOMENTUM,20,SUSTAINED,NEUTRAL,1.4,47.42,2.8,MOMENTUM
HPIL,L1_MOMENTUM,20,WEAK,NEUTRAL,1.95,51.28,3.9,MOMENTUM
HPAL,L1_MOMENTUM,20,SUSTAINED,NEUTRAL,4.46,48.39,8.92,MOMENTUM
HLVLTD,L1_MOMENTUM,20,BOUNCE,NEUTRAL,2.51,41.91,5.03,MOMENTUM
HIKAL,L1_MOMENTUM,20,WEAK,NEUTRAL,0.74,50.8,1.49,MOMENTUM
HGINFRA,L1_MOMENTUM,20,SUSTAINED,NEUTRAL,4.35,43.77,8.7,MOMENTUM
HEXATRADEX,L1_MOMENTUM,20,SUSTAINED,NEUTRAL,4.08,52.4,8.16,MOMENTUM
HERITGFOOD,L1_MOMENTUM,20,SUSTAINED,NEUTRAL,8.53,56.64,17.05,MOMENTUM
HERANBA,L1_MOMENTUM,20,WEAK,NEUTRAL,3.54,42.85,7.09,MOMENTUM
HEMIPROP,L1_MOMENTUM,20,WEAK,NEUTRAL,0.48,50.18,0.96,MOMENTUM
HEIDELBERG,L1_MOMENTUM,20,BOUNCE,NEUTRAL,3.51,48.13,7.02,MOMENTUM
HECPROJECT,L1_MOMENTUM,20,WEAK,NEUTRAL,0.62,51.22,-1.24,MOMENTUM
HEADSUP,L1_MOMENTUM,20,WEAK,NEUTRAL,4.32,46.64,8.65,MOMENTUM
HCL-INSYS,L1_MOMENTUM,20,WEAK,NEUTRAL,1.23,44.31,2.47,MOMENTUM
HCC,L1_MOMENTUM,20,WEAK,NEUTRAL,2.23,45.89,-4.45,MOMENTUM
INCREDIBLE,L1_MOMENTUM,20,BOUNCE,NEUTRAL,2.25,45.25,4.5,MOMENTUM
IMPAL,L1_MOMENTUM,20,WEAK,NEUTRAL,2.19,51.81,-4.38,MOMENTUM
IMAGICAA,L1_MOMENTUM,20,SUSTAINED,NEUTRAL,4.28,57.62,8.56,MOMENTUM
IKIO,L1_MOMENTUM,20,WEAK,NEUTRAL,0.34,56.42,-0.68,MOMENTUM
IITL,L1_MOMENTUM,20,SUSTAINED,NEUTRAL,3.67,49.47,7.34,MOMENTUM
MTARTECH,L1_MOMENTUM,20,SUSTAINED,NEUTRAL,3.51,58.47,-7.03,MOMENTUM
MSUMI,L1_MOMENTUM,20,WEAK,NEUTRAL,1.87,51.67,3.74,MOMENTUM
MAHSCOOTER,L1_MOMENTUM,20,DECELERATING,NEUTRAL,3.71,57.88,7.42,MOMENTUM
LTFOODS,L1_MOMENTUM,20,SUSTAINED,NEUTRAL,4.86,59.24,9.73,MOMENTUM
KPRMILL,L1_MOMENTUM,20,BOUNCE,NEUTRAL,1.93,53.22,-3.86,MOMENTUM
KPITTECH,L1_MOMENTUM,20,DECELERATING,NEUTRAL,6.76,42.21,13.53,MOMENTUM
KIRLOSENG,L1_MOMENTUM,20,WEAK,NEUTRAL,5.53,59.37,-11.06,MOMENTUM
KEC,L1_MOMENTUM,20,BOUNCE,NEUTRAL,3.68,40.26,7.35,MOMENTUM
KAYNES,L1_MOMENTUM,20,DECELERATING,NEUTRAL,7.25,55.04,14.5,MOMENTUM
ICRA,L1_MOMENTUM,20,BOUNCE,NEUTRAL,4.49,47.44,8.97,MOMENTUM
ICEMAKE,L1_MOMENTUM,20,WEAK,NEUTRAL,0.27,53.99,0.53,MOMENTUM
IVP,L1_MOMENTUM,20,BOUNCE,NEUTRAL,0.13,52.01,-0.26,MOMENTUM
ITDC,L1_MOMENTUM,20,BOUNCE,NEUTRAL,1.67,56.61,-3.34,MOMENTUM
IRMENERGY,L1_MOMENTUM,20,SUSTAINED,NEUTRAL,5.89,59.56,11.78,MOMENTUM
IRIS,L1_MOMENTUM,20,SUSTAINED,NEUTRAL,3.07,51.91,6.15,MOMENTUM
INVENTURE,L1_MOMENTUM,20,SUSTAINED,NEUTRAL,6.06,42.49,12.12,MOMENTUM
INTLCONV,L1_MOMENTUM,20,BOUNCE,NEUTRAL,0.87,44.48,-1.75,MOMENTUM
INTERARCH,L1_MOMENTUM,20,SUSTAINED,NEUTRAL,2.22,50.05,4.43,MOMENTUM
INSECTICID,L1_MOMENTUM,20,WEAK,NEUTRAL,1.0,47.16,2.01,MOMENTUM
INNOVANA,L1_MOMENTUM,20,SUSTAINED,NEUTRAL,3.92,46.22,7.83,MOMENTUM
INDTERRAIN,L1_MOMENTUM,20,SUSTAINED,NEUTRAL,3.0,51.91,6.0,MOMENTUM
INDSWFTLAB,L1_MOMENTUM,20,WEAK,NEUTRAL,7.75,65.6,-15.49,MOMENTUM
INDOFARM,L1_MOMENTUM,20,SUSTAINED,NEUTRAL,3.28,54.32,6.56,MOMENTUM
INDOCO,L1_MOMENTUM,20,WEAK,NEUTRAL,1.39,46.27,-2.77,MOMENTUM
INDOBORAX,L1_MOMENTUM,20,BOUNCE,NEUTRAL,5.81,58.72,-11.61,MOMENTUM
INDIGOPNTS,L1_MOMENTUM,20,SUSTAINED,NEUTRAL,2.18,59.57,4.35,MOMENTUM
INDBANK,L1_MOMENTUM,20,BOUNCE,NEUTRAL,0.14,44.51,-0.29,MOMENTUM
KAMATHOTEL,L1_MOMENTUM,20,WEAK,NEUTRAL,2.23,45.69,4.46,MOMENTUM
JYOTISTRUC,L1_MOMENTUM,20,SUSTAINED,NEUTRAL,2.34,49.28,4.67,MOMENTUM
JUNIPER,L1_MOMENTUM,20,SUSTAINED,NEUTRAL,4.6,45.84,9.2,MOMENTUM
JUBLCPL,L1_MOMENTUM,20,BOUNCE,NEUTRAL,0.01,48.75,0.03,MOMENTUM
JTLIND,L1_MOMENTUM,20,WEAK,NEUTRAL,0.49,52.92,-0.99,MOMENTUM
JTEKTINDIA,L1_MOMENTUM,20,SUSTAINED,NEUTRAL,2.26,53.37,4.53,MOMENTUM
JPOLYINVST,L1_MOMENTUM,20,BOUNCE,NEUTRAL,0.75,50.45,-1.49,MOMENTUM
JOCIL,L1_MOMENTUM,20,SUSTAINED,NEUTRAL,0.33,54.34,0.67,MOMENTUM
JKIL,L1_MOMENTUM,20,WEAK,NEUTRAL,3.27,46.8,6.54,MOMENTUM
JISLJALEQS,L1_MOMENTUM,20,BOUNCE,NEUTRAL,3.94,45.8,7.88,MOMENTUM
JHS,L1_MOMENTUM,20,SUSTAINED,NEUTRAL,5.8,45.92,11.59,MOMENTUM
JETFREIGHT,L1_MOMENTUM,20,WEAK,NEUTRAL,3.41,56.15,-6.81,MOMENTUM
JAYSREETEA,L1_MOMENTUM,20,SUSTAINED,NEUTRAL,4.8,56.11,9.61,MOMENTUM
JAYAGROGN,L1_MOMENTUM,20,WEAK,NEUTRAL,0.6,53.52,-1.2,MOMENTUM
JAICORPLTD,L1_MOMENTUM,20,BOUNCE,NEUTRAL,0.14,42.96,0.28,MOMENTUM
IZMO,L1_MOMENTUM,20,WEAK,NEUTRAL,3.03,55.44,-6.06,MOMENTUM
KANANIIND,L1_MOMENTUM,20,WEAK,NEUTRAL,2.08,46.13,4.16,MOMENTUM
KANSAINER,L1_MOMENTUM,20,SUSTAINED,NEUTRAL,2.95,51.91,5.9,MOMENTUM
JUBLFOOD,L1_MOMENTUM,20,SUSTAINED,NEUTRAL,6.72,53.7,13.43,MOMENTUM
JSWHL,L1_MOMENTUM,20,DECELERATING,NEUTRAL,6.35,47.87,12.71,MOMENTUM
JSWDULUX,L1_MOMENTUM,20,SUSTAINED,NEUTRAL,1.5,50.9,3.0,MOMENTUM
JMFINANCIL,L1_MOMENTUM,20,SUSTAINED,NEUTRAL,3.53,52.17,7.07,MOMENTUM
JKTYRE,L1_MOMENTUM,20,SUSTAINED,NEUTRAL,2.43,52.25,4.85,MOMENTUM
JINDALSAW,L1_MOMENTUM,20,SUSTAINED,NEUTRAL,2.02,57.55,-4.05,MOMENTUM
J&KBANK,L1_MOMENTUM,20,BOUNCE,NEUTRAL,5.44,53.75,-10.88,MOMENTUM
ITI,L1_MOMENTUM,20,SUSTAINED,NEUTRAL,0.75,49.53,1.51,MOMENTUM
IRCON,L1_MOMENTUM,20,SUSTAINED,NEUTRAL,3.46,46.91,6.93,MOMENTUM
INOXWIND,L1_MOMENTUM,20,WEAK,NEUTRAL,3.62,38.46,7.24,MOMENTUM
INOXINDIA,L1_MOMENTUM,20,WEAK,NEUTRAL,8.72,63.83,-17.43,MOMENTUM
INGERRAND,L1_MOMENTUM,20,WEAK,NEUTRAL,2.71,51.72,-5.42,MOMENTUM
INDIAMART,L1_MOMENTUM,20,WEAK,NEUTRAL,0.57,36.12,1.14,MOMENTUM
IGL,L1_MOMENTUM,20,SUSTAINED,NEUTRAL,2.9,44.72,5.8,MOMENTUM
KOTARISUG,L1_MOMENTUM,20,WEAK,NEUTRAL,4.16,51.0,8.32,MOMENTUM
KOPRAN,L1_MOMENTUM,20,WEAK,NEUTRAL,3.35,53.07,-6.7,MOMENTUM
KOKUYOCMLN,L1_MOMENTUM,20,SUSTAINED,NEUTRAL,4.17,53.3,8.35,MOMENTUM
KNRCON,L1_MOMENTUM,20,SUSTAINED,NEUTRAL,8.02,56.33,16.04,MOMENTUM
KMSUGAR,L1_MOMENTUM,20,DECELERATING,NEUTRAL,0.36,53.1,0.71,MOMENTUM
KIRIINDUS,L1_MOMENTUM,20,SUSTAINED,NEUTRAL,7.75,56.73,15.5,MOMENTUM
KHAICHEM,L1_MOMENTUM,20,SUSTAINED,NEUTRAL,6.55,49.15,13.11,MOMENTUM
KESORAMIND,L1_MOMENTUM,20,DECELERATING,NEUTRAL,7.93,52.57,15.87,MOMENTUM
KELLTONTEC,L1_MOMENTUM,20,WEAK,NEUTRAL,0.54,39.86,1.07,MOMENTUM
KEEPLEARN,L1_MOMENTUM,20,SUSTAINED,NEUTRAL,6.26,50.81,12.52,MOMENTUM
KAYA,L1_MOMENTUM,20,WEAK,NEUTRAL,5.84,50.78,11.68,MOMENTUM
KAVDEFENCE,L1_MOMENTUM,20,WEAK,NEUTRAL,1.39,43.36,-2.79,MOMENTUM
KAUSHALYA,L1_MOMENTUM,20,BOUNCE,NEUTRAL,0.25,53.01,0.51,MOMENTUM
KARMAENG,L1_MOMENTUM,20,BOUNCE,NEUTRAL,2.07,44.39,4.14,MOMENTUM
KANORICHEM,L1_MOMENTUM,20,WEAK,NEUTRAL,2.75,65.86,-5.5,MOMENTUM
LAXMIDENTL,L1_MOMENTUM,20,SUSTAINED,NEUTRAL,2.72,46.9,5.44,MOMENTUM
LAXMICOT,L1_MOMENTUM,20,SUSTAINED,NEUTRAL,3.48,48.06,6.97,MOMENTUM
LATTEYS,L1_MOMENTUM,20,SUSTAINED,NEUTRAL,0.25,47.2,0.5,MOMENTUM
LASA,L1_MOMENTUM,20,SUSTAINED,NEUTRAL,6.88,51.94,13.75,MOMENTUM
LAOPALA,L1_MOMENTUM,20,SUSTAINED,NEUTRAL,5.65,54.43,11.29,MOMENTUM
LAMBODHARA,L1_MOMENTUM,20,SUSTAINED,NEUTRAL,1.54,51.62,3.09,MOMENTUM
LAL,L1_MOMENTUM,20,ACCELERATING,NEUTRAL,2.65,53.19,5.31,MOMENTUM
LAKPRE,L1_MOMENTUM,20,BOUNCE,NEUTRAL,0.23,49.95,0.46,MOMENTUM
KUANTUM,L1_MOMENTUM,20,SUSTAINED,NEUTRAL,6.5,51.28,12.99,MOMENTUM
KSOLVES,L1_MOMENTUM,20,WEAK,NEUTRAL,1.01,46.75,2.03,MOMENTUM
KSHITIJPOL,L1_MOMENTUM,20,WEAK,NEUTRAL,3.41,43.07,-6.83,MOMENTUM
KRSNAA,L1_MOMENTUM,20,WEAK,NEUTRAL,5.93,48.12,11.87,MOMENTUM
KRITIKA,L1_MOMENTUM,20,WEAK,NEUTRAL,3.82,45.13,7.64,MOMENTUM
KREBSBIO,L1_MOMENTUM,20,SUSTAINED,NEUTRAL,1.04,44.13,2.07,MOMENTUM
KOTYARK,L1_MOMENTUM,20,SUSTAINED,NEUTRAL,3.53,26.36,-7.06,MOMENTUM
KOTHARIPRO,L1_MOMENTUM,20,SUSTAINED,NEUTRAL,0.68,46.9,1.36,MOMENTUM
FINEORG,L1_MOMENTUM,20,SUSTAINED,NEUTRAL,1.27,54.1,-2.55,MOMENTUM
MAGNUM,L1_MOMENTUM,20,WEAK,NEUTRAL,2.96,46.09,5.93,MOMENTUM
MAGADSUGAR,L1_MOMENTUM,20,WEAK,NEUTRAL,1.38,54.29,2.76,MOMENTUM
MADHUCON,L1_MOMENTUM,20,BOUNCE,NEUTRAL,0.11,45.46,0.23,MOMENTUM
MADHAV,L1_MOMENTUM,20,ACCELERATING,NEUTRAL,2.69,48.23,5.37,MOMENTUM
MAANALU,L1_MOMENTUM,20,SUSTAINED,NEUTRAL,3.63,52.21,7.27,MOMENTUM
LYKALABS,L1_MOMENTUM,20,BOUNCE,NEUTRAL,2.93,50.07,5.87,MOMENTUM
LUMAXIND,L1_MOMENTUM,20,SUSTAINED,NEUTRAL,3.05,60.52,6.09,MOMENTUM
LPDC,L1_MOMENTUM,20,WEAK,NEUTRAL,2.0,47.77,4.0,MOMENTUM
LOYALTEX,L1_MOMENTUM,20,SUSTAINED,NEUTRAL,3.56,50.67,7.11,MOMENTUM
LOVABLE,L1_MOMENTUM,20,BOUNCE,NEUTRAL,1.72,48.97,3.43,MOMENTUM
LORDSCHLO,L1_MOMENTUM,20,DECELERATING,NEUTRAL,1.74,50.82,3.49,MOMENTUM
LINCOLN,L1_MOMENTUM,20,SUSTAINED,NEUTRAL,0.61,50.78,-1.22,MOMENTUM
LINC,L1_MOMENTUM,20,WEAK,NEUTRAL,0.37,45.27,0.74,MOMENTUM
LIBERTSHOE,L1_MOMENTUM,20,BOUNCE,NEUTRAL,1.96,50.02,3.92,MOMENTUM
LEMERITE,L1_MOMENTUM,20,SUSTAINED,NEUTRAL,5.31,30.51,10.62,MOMENTUM
MALUPAPER,L1_MOMENTUM,20,WEAK,NEUTRAL,2.62,52.87,5.24,MOMENTUM
MALLCOM,L1_MOMENTUM,20,WEAK,NEUTRAL,1.78,46.81,3.57,MOMENTUM
MAHEPC,L1_MOMENTUM,20,BOUNCE,NEUTRAL,0.39,43.37,-0.79,MOMENTUM
MAHASTEEL,L1_MOMENTUM,20,DECELERATING,NEUTRAL,0.67,62.58,1.34,MOMENTUM
MAHAPEXLTD,L1_MOMENTUM,20,WEAK,NEUTRAL,5.56,39.46,11.12,MOMENTUM
IGIL,L1_MOMENTUM,20,DECELERATING,NEUTRAL,1.0,53.19,2.0,MOMENTUM
IFCI,L1_MOMENTUM,20,WEAK,NEUTRAL,2.54,54.45,-5.08,MOMENTUM
HFCL,L1_MOMENTUM,20,BOUNCE,NEUTRAL,9.71,62.6,-19.42,MOMENTUM
HBLENGINE,L1_MOMENTUM,20,BOUNCE,NEUTRAL,0.56,47.52,-1.11,MOMENTUM
HATSUN,L1_MOMENTUM,20,SUSTAINED,NEUTRAL,2.85,52.25,5.71,MOMENTUM
GRSE,L1_MOMENTUM,20,BOUNCE,NEUTRAL,1.41,49.32,-2.83,MOMENTUM
GRAVITA,L1_MOMENTUM,20,BOUNCE,NEUTRAL,0.21,51.26,-0.42,MOMENTUM
GODIGIT,L1_MOMENTUM,20,BOUNCE,NEUTRAL,3.59,39.33,7.18,MOMENTUM
GMDCLTD,L1_MOMENTUM,20,ACCELERATING,NEUTRAL,0.07,51.74,0.15,MOMENTUM
GALLANTT,L1_MOMENTUM,20,WEAK,NEUTRAL,1.48,47.66,-2.97,MOMENTUM
FORCEMOT,L1_MOMENTUM,20,SUSTAINED,NEUTRAL,1.64,51.53,3.28,MOMENTUM
MHLXMIRU,L1_MOMENTUM,20,SUSTAINED,NEUTRAL,6.01,49.01,12.02,MOMENTUM
MFML,L1_MOMENTUM,20,WEAK,NEUTRAL,4.62,40.2,9.23,MOMENTUM
MEP,L1_MOMENTUM,20,BOUNCE,NEUTRAL,1.73,27.99,-3.46,MOMENTUM
MEDIASSIST,L1_MOMENTUM,20,SUSTAINED,NEUTRAL,4.42,50.11,8.84,MOMENTUM
MCL,L1_MOMENTUM,20,SUSTAINED,NEUTRAL,3.24,52.44,6.48,MOMENTUM
MAZDA,L1_MOMENTUM,20,BOUNCE,NEUTRAL,0.19,51.4,0.38,MOMENTUM
MAXIND,L1_MOMENTUM,20,SUSTAINED,NEUTRAL,1.98,52.42,3.97,MOMENTUM
MAWANASUG,L1_MOMENTUM,20,WEAK,NEUTRAL,2.73,57.01,-5.47,MOMENTUM
MATRIMONY,L1_MOMENTUM,20,SUSTAINED,NEUTRAL,4.69,53.51,9.39,MOMENTUM
MASKINVEST,L1_MOMENTUM,20,BOUNCE,NEUTRAL,0.41,50.67,0.83,MOMENTUM
MANUGRAPH,L1_MOMENTUM,20,SUSTAINED,NEUTRAL,3.42,55.02,6.84,MOMENTUM
MANINFRA,L1_MOMENTUM,20,DECELERATING,NEUTRAL,5.23,52.2,10.47,MOMENTUM
MANINDS,L1_MOMENTUM,20,SUSTAINED,NEUTRAL,2.42,54.83,-4.85,MOMENTUM
MANALIPETC,L1_MOMENTUM,20,DECELERATING,NEUTRAL,0.48,54.42,-0.97,MOMENTUM
MANAKSIA,L1_MOMENTUM,20,SUSTAINED,NEUTRAL,1.83,47.8,3.66,MOMENTUM
MAMATA,L1_MOMENTUM,20,SUSTAINED,NEUTRAL,4.69,57.46,9.38,MOMENTUM
MOBIKWIK,L1_MOMENTUM,20,WEAK,NEUTRAL,1.81,47.84,3.62,MOMENTUM
MITTAL,L1_MOMENTUM,20,BOUNCE,NEUTRAL,2.13,42.36,4.26,MOMENTUM
FINCABLES,L1_MOMENTUM,20,SUSTAINED,NEUTRAL,1.77,52.44,-3.53,MOMENTUM
EMAMILTD,L1_MOMENTUM,20,WEAK,NEUTRAL,4.04,45.89,8.08,MOMENTUM
ELGIEQUIP,L1_MOMENTUM,20,WEAK,NEUTRAL,2.44,54.84,-4.88,MOMENTUM
EIDPARRY,L1_MOMENTUM,20,SUSTAINED,NEUTRAL,6.04,52.86,12.08,MOMENTUM
DEVYANI,L1_MOMENTUM,20,SUSTAINED,NEUTRAL,5.84,55.35,11.68,MOMENTUM
DEEPAKNTR,L1_MOMENTUM,20,SUSTAINED,NEUTRAL,2.61,55.55,5.22,MOMENTUM
DEEPAKFERT,L1_MOMENTUM,20,WEAK,NEUTRAL,4.18,55.66,-8.36,MOMENTUM
CUB,L1_MOMENTUM,20,BOUNCE,NEUTRAL,3.28,51.2,-6.56,MOMENTUM
CROMPTON,L1_MOMENTUM,20,SUSTAINED,NEUTRAL,2.37,51.86,4.74,MOMENTUM
CONCORDBIO,L1_MOMENTUM,20,DECELERATING,NEUTRAL,2.76,55.27,5.51,MOMENTUM
MITCON,L1_MOMENTUM,20,SUSTAINED,NEUTRAL,0.09,53.27,-0.18,MOMENTUM
MINDTECK,L1_MOMENTUM,20,BOUNCE,NEUTRAL,0.49,46.37,-0.99,MOMENTUM
MICEL,L1_MOMENTUM,20,WEAK,NEUTRAL,0.18,44.27,-0.36,MOMENTUM
MHRIL,L1_MOMENTUM,20,BOUNCE,NEUTRAL,6.46,45.68,12.92,MOMENTUM
NAGREEKEXP,L1_MOMENTUM,20,BOUNCE,NEUTRAL,0.79,42.89,-1.58,MOMENTUM
MUTHOOTCAP,L1_MOMENTUM,20,SUSTAINED,NEUTRAL,8.43,66.41,16.85,MOMENTUM
MURUDCERA,L1_MOMENTUM,20,SUSTAINED,NEUTRAL,2.18,45.19,4.36,MOMENTUM
MUNJALAU,L1_MOMENTUM,20,WEAK,NEUTRAL,3.47,58.44,-6.94,MOMENTUM
MUKTAARTS,L1_MOMENTUM,20,ACCELERATING,NEUTRAL,1.91,51.45,3.82,MOMENTUM
MUKKA,L1_MOMENTUM,20,SUSTAINED,NEUTRAL,1.76,47.57,3.52,MOMENTUM
MUFTI,L1_MOMENTUM,20,SUSTAINED,NEUTRAL,4.29,50.43,8.59,MOMENTUM
MTNL,L1_MOMENTUM,20,WEAK,NEUTRAL,1.3,43.24,2.6,MOMENTUM
MSPL,L1_MOMENTUM,20,BOUNCE,NEUTRAL,1.47,50.28,-2.93,MOMENTUM
MOSCHIP,L1_MOMENTUM,20,BOUNCE,NEUTRAL,2.48,48.2,-4.95,MOMENTUM
MONQ50,L1_MOMENTUM,20,SUSTAINED,NEUTRAL,4.89,64.48,-9.77,MOMENTUM
MON100,L1_MOMENTUM,20,SUSTAINED,NEUTRAL,4.83,60.73,-9.67,MOMENTUM
MOLDTKPAC,L1_MOMENTUM,20,WEAK,NEUTRAL,1.59,52.12,-3.19,MOMENTUM
MOKSH,L1_MOMENTUM,20,BOUNCE,NEUTRAL,2.36,46.53,4.72,MOMENTUM
MOHITIND,L1_MOMENTUM,20,DECELERATING,NEUTRAL,3.87,54.53,7.73,MOMENTUM
MODISONLTD,L1_MOMENTUM,20,WEAK,NEUTRAL,5.49,55.8,-10.98,MOMENTUM
BEML,L1_MOMENTUM,20,BOUNCE,NEUTRAL,0.84,46.98,-1.68,MOMENTUM
BELRISE,L1_MOMENTUM,20,SUSTAINED,NEUTRAL,4.37,63.22,-8.75,MOMENTUM
NIRAJ,L1_MOMENTUM,20,SUSTAINED,NEUTRAL,2.84,48.29,5.68,MOMENTUM
NIPPOBATRY,L1_MOMENTUM,20,ACCELERATING,NEUTRAL,1.69,46.4,3.38,MOMENTUM
NILASPACES,L1_MOMENTUM,20,WEAK,NEUTRAL,1.34,45.31,2.68,MOMENTUM
NILAINFRA,L1_MOMENTUM,20,SUSTAINED,NEUTRAL,4.03,47.79,8.05,MOMENTUM
NIITMTS,L1_MOMENTUM,20,WEAK,NEUTRAL,5.05,46.39,10.11,MOMENTUM
NIITLTD,L1_MOMENTUM,20,BOUNCE,NEUTRAL,0.36,54.31,-0.71,MOMENTUM
NIBE,L1_MOMENTUM,20,BOUNCE,NEUTRAL,3.76,49.81,-7.52,MOMENTUM
NFL,L1_MOMENTUM,20,BOUNCE,NEUTRAL,2.25,44.9,4.49,MOMENTUM
NETWORK18,L1_MOMENTUM,20,WEAK,NEUTRAL,3.72,42.06,7.45,MOMENTUM
NEOGEN,L1_MOMENTUM,20,WEAK,NEUTRAL,4.7,56.32,-9.39,MOMENTUM
NELCAST,L1_MOMENTUM,20,BOUNCE,NEUTRAL,1.67,46.97,-3.34,MOMENTUM
NECLIFE,L1_MOMENTUM,20,WEAK,NEUTRAL,0.83,40.77,1.66,MOMENTUM
NDTV,L1_MOMENTUM,20,BOUNCE,NEUTRAL,2.09,43.79,4.17,MOMENTUM
NATCAPSUQ,L1_MOMENTUM,20,DECELERATING,NEUTRAL,3.2,47.11,6.4,MOMENTUM
NKIND,L1_MOMENTUM,20,DECELERATING,NEUTRAL,1.18,49.74,2.36,MOMENTUM
NITINSPIN,L1_MOMENTUM,20,SUSTAINED,NEUTRAL,5.37,64.09,-10.73,MOMENTUM
NITCO,L1_MOMENTUM,20,WEAK,NEUTRAL,1.85,49.25,-3.7,MOMENTUM
NIRAJISPAT,L1_MOMENTUM,20,SUSTAINED,NEUTRAL,3.42,51.15,6.84,MOMENTUM
COHANCE,L1_MOMENTUM,20,SUSTAINED,NEUTRAL,4.37,48.12,8.73,MOMENTUM
CHOLAHLDNG,L1_MOMENTUM,20,BOUNCE,NEUTRAL,3.79,53.77,7.58,MOMENTUM
CHOICEIN,L1_MOMENTUM,20,SUSTAINED,NEUTRAL,2.65,62.23,5.3,MOMENTUM
CHAMBLFERT,L1_MOMENTUM,20,SUSTAINED,NEUTRAL,1.6,50.69,3.21,MOMENTUM
CHALET,L1_MOMENTUM,20,SUSTAINED,NEUTRAL,2.48,56.14,4.96,MOMENTUM
CGCL,L1_MOMENTUM,20,WEAK,NEUTRAL,3.59,59.93,-7.18,MOMENTUM
CENTRALBK,L1_MOMENTUM,20,SUSTAINED,NEUTRAL,2.8,44.44,5.6,MOMENTUM
CEATLTD,L1_MOMENTUM,20,BOUNCE,NEUTRAL,2.3,56.58,4.6,MOMENTUM
CARBORUNIV,L1_MOMENTUM,20,WEAK,NEUTRAL,3.45,52.35,-6.9,MOMENTUM
CAPLIPOINT,L1_MOMENTUM,20,SUSTAINED,NEUTRAL,5.68,62.26,-11.35,MOMENTUM
BRIGADE,L1_MOMENTUM,20,DECELERATING,NEUTRAL,3.68,52.3,7.36,MOMENTUM
BLUEDART,L1_MOMENTUM,20,DECELERATING,NEUTRAL,3.38,49.98,6.76,MOMENTUM
ORISSAMINE,L1_MOMENTUM,20,SUSTAINED,NEUTRAL,5.68,56.28,11.35,MOMENTUM
ORIENTPPR,L1_MOMENTUM,20,DECELERATING,NEUTRAL,7.1,53.34,14.21,MOMENTUM
ORIENTELEC,L1_MOMENTUM,20,SUSTAINED,NEUTRAL,2.33,49.67,4.66,MOMENTUM
ORIENTCEM,L1_MOMENTUM,20,SUSTAINED,NEUTRAL,6.72,44.68,13.44,MOMENTUM
ORICONENT,L1_MOMENTUM,20,WEAK,NEUTRAL,0.47,43.8,-0.94,MOMENTUM
ORCHASP,L1_MOMENTUM,20,WEAK,NEUTRAL,3.2,38.62,6.4,MOMENTUM
OMINFRAL,L1_MOMENTUM,20,WEAK,NEUTRAL,2.5,49.41,5.0,MOMENTUM
OMAXE,L1_MOMENTUM,20,WEAK,NEUTRAL,0.94,53.58,-1.88,MOMENTUM
OMAXAUTO,L1_MOMENTUM,20,BOUNCE,NEUTRAL,6.9,49.1,-13.79,MOMENTUM
OILCOUNTUB,L1_MOMENTUM,20,SUSTAINED,NEUTRAL,2.91,54.38,5.82,MOMENTUM
ODIGMA,L1_MOMENTUM,20,BOUNCE,NEUTRAL,3.47,44.15,6.94,MOMENTUM
OBCL,L1_MOMENTUM,20,SUSTAINED,NEUTRAL,0.48,47.6,0.95,MOMENTUM
NSIL,L1_MOMENTUM,20,SUSTAINED,NEUTRAL,5.76,53.24,11.51,MOMENTUM
NRBBEARING,L1_MOMENTUM,20,SUSTAINED,NEUTRAL,4.96,64.7,-9.91,MOMENTUM
NOIDATOLL,L1_MOMENTUM,20,WEAK,NEUTRAL,2.27,46.5,-4.54,MOMENTUM
NOCIL,L1_MOMENTUM,20,WEAK,NEUTRAL,0.22,51.16,0.44,MOMENTUM
PARACABLES,L1_MOMENTUM,20,SUSTAINED,NEUTRAL,3.67,56.77,-7.34,MOMENTUM
PAR,L1_MOMENTUM,20,SUSTAINED,NEUTRAL,2.76,54.87,5.53,MOMENTUM
PANACEABIO,L1_MOMENTUM,20,WEAK,NEUTRAL,5.54,43.63,-11.09,MOMENTUM
BBOX,L1_MOMENTUM,20,WEAK,NEUTRAL,8.5,43.77,-16.99,MOMENTUM
BANDHANBNK,L1_MOMENTUM,20,BOUNCE,NEUTRAL,3.81,44.62,-7.61,MOMENTUM
AWL,L1_MOMENTUM,20,SUSTAINED,NEUTRAL,6.71,51.75,13.42,MOMENTUM
ASAHIINDIA,L1_MOMENTUM,20,SUSTAINED,NEUTRAL,1.0,54.76,2.0,MOMENTUM
ARE&M,L1_MOMENTUM,20,SUSTAINED,NEUTRAL,2.57,56.73,5.15,MOMENTUM
APOLLOTYRE,L1_MOMENTUM,20,SUSTAINED,NEUTRAL,4.97,56.59,9.94,MOMENTUM
APLLTD,L1_MOMENTUM,20,SUSTAINED,NEUTRAL,2.05,55.52,4.1,MOMENTUM
ANGELONE,L1_MOMENTUM,20,WEAK,NEUTRAL,5.56,45.3,-11.12,MOMENTUM
PNB,L1_MOMENTUM,20,SUSTAINED,NEUTRAL,4.55,57.14,9.09,MOMENTUM
PALREDTEC,L1_MOMENTUM,20,BOUNCE,NEUTRAL,1.71,49.27,-3.42,MOMENTUM
PAKKA,L1_MOMENTUM,20,BOUNCE,NEUTRAL,3.69,36.32,7.38,MOMENTUM
OSWALAGRO,L1_MOMENTUM,20,SUSTAINED,NEUTRAL,7.13,48.74,14.26,MOMENTUM
ORTINGLOBE,L1_MOMENTUM,20,WEAK,NEUTRAL,2.18,48.09,-4.36,MOMENTUM
PRAENG,L1_MOMENTUM,20,WEAK,NEUTRAL,1.59,47.62,3.17,MOMENTUM
PRABHA,L1_MOMENTUM,20,SUSTAINED,NEUTRAL,5.93,51.15,11.87,MOMENTUM
PONNIERODE,L1_MOMENTUM,20,WEAK,NEUTRAL,0.86,54.6,-1.72,MOMENTUM
PODDARMENT,L1_MOMENTUM,20,WEAK,NEUTRAL,1.45,51.59,2.91,MOMENTUM
PLAZACABLE,L1_MOMENTUM,20,SUSTAINED,NEUTRAL,3.57,55.76,7.13,MOMENTUM
PKTEA,L1_MOMENTUM,20,BOUNCE,NEUTRAL,0.39,46.11,-0.77,MOMENTUM
PITTIENG,L1_MOMENTUM,20,SUSTAINED,NEUTRAL,0.99,50.87,-1.98,MOMENTUM
PIGL,L1_MOMENTUM,20,WEAK,NEUTRAL,1.17,45.78,2.35,MOMENTUM
PFS,L1_MOMENTUM,20,BOUNCE,NEUTRAL,0.11,43.81,0.23,MOMENTUM
PENINLAND,L1_MOMENTUM,20,BOUNCE,NEUTRAL,3.52,46.01,7.05,MOMENTUM
PDSL,L1_MOMENTUM,20,SUSTAINED,NEUTRAL,0.19,54.07,0.39,MOMENTUM
PAVNAIND,L1_MOMENTUM,20,SUSTAINED,NEUTRAL,6.85,51.55,13.69,MOMENTUM
PATINTLOG,L1_MOMENTUM,20,BOUNCE,NEUTRAL,0.25,54.79,-0.5,MOMENTUM
PATELENG,L1_MOMENTUM,20,BOUNCE,NEUTRAL,0.3,47.13,0.61,MOMENTUM
PASUPTAC,L1_MOMENTUM,20,WEAK,NEUTRAL,2.96,51.56,-5.93,MOMENTUM
PARAGMILK,L1_MOMENTUM,20,WEAK,NEUTRAL,1.32,49.71,2.64,MOMENTUM
RVNL,L1_MOMENTUM,20,SUSTAINED,NEUTRAL,5.41,44.58,10.83,MOMENTUM
RADHIKAJWE,L1_MOMENTUM,20,SUSTAINED,NEUTRAL,4.91,56.3,9.82,MOMENTUM
QUESS,L1_MOMENTUM,20,DECELERATING,NEUTRAL,0.17,62.55,0.35,MOMENTUM
QUADFUTURE,L1_MOMENTUM,20,BOUNCE,NEUTRAL,1.23,51.04,-2.45,MOMENTUM
PTL,L1_MOMENTUM,20,WEAK,NEUTRAL,1.27,49.17,-2.53,MOMENTUM
PSPPROJECT,L1_MOMENTUM,20,BOUNCE,NEUTRAL,4.74,54.27,-9.47,MOMENTUM
PRUDMOULI,L1_MOMENTUM,20,BOUNCE,NEUTRAL,3.42,39.28,6.84,MOMENTUM
PROZONER,L1_MOMENTUM,20,WEAK,NEUTRAL,1.15,42.65,-2.31,MOMENTUM
PROSTARM,L1_MOMENTUM,20,SUSTAINED,NEUTRAL,5.82,54.99,11.63,MOMENTUM
PRINCEPIPE,L1_MOMENTUM,20,WEAK,NEUTRAL,1.76,51.74,3.51,MOMENTUM
PRIMESECU,L1_MOMENTUM,20,SUSTAINED,NEUTRAL,0.31,51.09,0.62,MOMENTUM
PREMIER,L1_MOMENTUM,20,BOUNCE,NEUTRAL,1.88,46.94,3.75,MOMENTUM
PREMEXPLN,L1_MOMENTUM,20,BOUNCE,NEUTRAL,3.86,52.04,-7.72,MOMENTUM
PRECAM,L1_MOMENTUM,20,BOUNCE,NEUTRAL,1.62,47.83,3.24,MOMENTUM
PRAXIS,L1_MOMENTUM,20,BOUNCE,NEUTRAL,2.25,47.64,4.5,MOMENTUM
PRAKASH,L1_MOMENTUM,20,SUSTAINED,NEUTRAL,0.54,46.04,1.09,MOMENTUM
RAJSREESUG,L1_MOMENTUM,20,WEAK,NEUTRAL,0.79,45.49,1.58,MOMENTUM
RAJRILTD,L1_MOMENTUM,20,BOUNCE,NEUTRAL,1.9,50.31,3.81,MOMENTUM
RAJMET,L1_MOMENTUM,20,BOUNCE,NEUTRAL,0.14,38.67,-0.27,MOMENTUM
RADIOCITY,L1_MOMENTUM,20,WEAK,NEUTRAL,6.35,58.38,12.69,MOMENTUM
RADIANTCMS,L1_MOMENTUM,20,SUSTAINED,NEUTRAL,5.51,47.13,11.02,MOMENTUM
M&M,L1_MOMENTUM,20,DECELERATING,NEUTRAL,3.04,57.69,6.09,MOMENTUM
ACMESOLAR,L1_MOMENTUM,20,WEAK,NEUTRAL,3.92,59.99,-7.85,MOMENTUM
ACC,L1_MOMENTUM,20,WEAK,NEUTRAL,6.11,45.46,12.22,MOMENTUM
ABSLAMC,L1_MOMENTUM,20,BOUNCE,NEUTRAL,4.4,49.35,-8.79,MOMENTUM
AADHARHFC,L1_MOMENTUM,20,BOUNCE,NEUTRAL,0.41,54.04,-0.83,MOMENTUM
WAAREEENER,L1_MOMENTUM,20,WEAK,NEUTRAL,2.67,40.8,-5.33,MOMENTUM
VMM,L1_MOMENTUM,20,WEAK,NEUTRAL,0.68,42.12,1.37,MOMENTUM
TIINDIA,L1_MOMENTUM,20,BOUNCE,NEUTRAL,2.63,44.19,-5.27,MOMENTUM
SUZLON,L1_MOMENTUM,20,BOUNCE,NEUTRAL,4.2,40.18,-8.4,MOMENTUM
SUNDARMFIN,L1_MOMENTUM,20,WEAK,NEUTRAL,2.5,51.76,4.99,MOMENTUM
SAIL,L1_MOMENTUM,20,SUSTAINED,NEUTRAL,0.59,56.01,-1.18,MOMENTUM
RHFL,L1_MOMENTUM,20,BOUNCE,NEUTRAL,0.98,37.01,-1.95,MOMENTUM
REPCOHOME,L1_MOMENTUM,20,ACCELERATING,NEUTRAL,0.68,48.43,-1.36,MOMENTUM
RENUKA,L1_MOMENTUM,20,WEAK,NEUTRAL,2.73,42.62,5.46,MOMENTUM
REMSONSIND,L1_MOMENTUM,20,SUSTAINED,NEUTRAL,6.46,50.2,12.93,MOMENTUM
RELIABLE,L1_MOMENTUM,20,SUSTAINED,NEUTRAL,1.0,53.68,-2.0,MOMENTUM
RELCHEMQ,L1_MOMENTUM,20,BOUNCE,NEUTRAL,2.53,50.02,5.06,MOMENTUM
REGENCERAM,L1_MOMENTUM,20,WEAK,NEUTRAL,1.09,38.89,2.18,MOMENTUM
RCOM,L1_MOMENTUM,20,WEAK,NEUTRAL,0.33,39.44,-0.66,MOMENTUM
RAYMONDLSL,L1_MOMENTUM,20,SUSTAINED,NEUTRAL,4.71,45.13,9.42,MOMENTUM
RAYMOND,L1_MOMENTUM,20,SUSTAINED,NEUTRAL,2.41,57.83,4.82,MOMENTUM
RANEHOLDIN,L1_MOMENTUM,20,WEAK,NEUTRAL,3.34,60.32,-6.68,MOMENTUM
RANASUG,L1_MOMENTUM,20,DECELERATING,NEUTRAL,3.34,51.79,6.68,MOMENTUM
RAMKY,L1_MOMENTUM,20,SUSTAINED,NEUTRAL,5.77,46.03,11.54,MOMENTUM
RAMCOSYS,L1_MOMENTUM,20,BOUNCE,NEUTRAL,4.29,50.79,-8.59,MOMENTUM
RAMCOIND,L1_MOMENTUM,20,BOUNCE,NEUTRAL,1.75,53.76,-3.49,MOMENTUM
RAMASTEEL,L1_MOMENTUM,20,SUSTAINED,NEUTRAL,9.14,46.13,18.28,MOMENTUM
ROTO,L1_MOMENTUM,20,SUSTAINED,NEUTRAL,0.94,53.91,1.88,MOMENTUM
ROSSARI,L1_MOMENTUM,20,SUSTAINED,NEUTRAL,2.3,50.77,4.6,MOMENTUM
ROLEXRINGS,L1_MOMENTUM,20,SUSTAINED,NEUTRAL,1.75,56.76,3.5,MOMENTUM
RKSWAMY,L1_MOMENTUM,20,SUSTAINED,NEUTRAL,4.73,50.47,9.46,MOMENTUM
PREMIERENE,L1_MOMENTUM,20,BOUNCE,NEUTRAL,2.04,52.19,-4.08,MOMENTUM
PHOENIXLTD,L1_MOMENTUM,20,WEAK,NEUTRAL,4.51,50.82,-9.01,MOMENTUM
NMDC,L1_MOMENTUM,20,SUSTAINED,NEUTRAL,0.9,53.12,-1.8,MOMENTUM
NLCINDIA,L1_MOMENTUM,20,SUSTAINED,NEUTRAL,2.67,51.63,-5.34,MOMENTUM
NATIONALUM,L1_MOMENTUM,20,SUSTAINED,NEUTRAL,0.43,56.98,0.85,MOMENTUM
MPHASIS,L1_MOMENTUM,20,SUSTAINED,NEUTRAL,2.46,52.59,4.93,MOMENTUM
MOTILALOFS,L1_MOMENTUM,20,BOUNCE,NEUTRAL,3.09,48.55,-6.18,MOMENTUM
MAZDOCK,L1_MOMENTUM,20,SUSTAINED,NEUTRAL,4.24,55.13,8.48,MOMENTUM
LTF,L1_MOMENTUM,20,WEAK,NEUTRAL,0.62,57.53,-1.23,MOMENTUM
RISHABH,L1_MOMENTUM,20,WEAK,NEUTRAL,2.86,62.25,-5.72,MOMENTUM
RIIL,L1_MOMENTUM,20,BOUNCE,NEUTRAL,0.1,47.47,0.2,MOMENTUM
RHL,L1_MOMENTUM,20,SUSTAINED,NEUTRAL,3.77,48.27,7.54,MOMENTUM
SAGARDEEP,L1_MOMENTUM,20,SUSTAINED,NEUTRAL,2.25,52.0,4.51,MOMENTUM
SADHNANIQ,L1_MOMENTUM,20,WEAK,NEUTRAL,10.73,46.93,21.46,MOMENTUM
SADBHIN,L1_MOMENTUM,20,BOUNCE,NEUTRAL,3.6,46.96,7.2,MOMENTUM
SADBHAV,L1_MOMENTUM,20,WEAK,NEUTRAL,2.64,49.33,5.28,MOMENTUM
SABEVENTS,L1_MOMENTUM,20,BOUNCE,NEUTRAL,1.9,40.76,-3.8,MOMENTUM
RVTH,L1_MOMENTUM,20,BOUNCE,NEUTRAL,1.76,48.86,3.52,MOMENTUM
RVHL,L1_MOMENTUM,20,WEAK,NEUTRAL,1.03,51.15,2.05,MOMENTUM
RUSHIL,L1_MOMENTUM,20,DECELERATING,NEUTRAL,4.63,52.83,9.27,MOMENTUM
RUPA,L1_MOMENTUM,20,SUSTAINED,NEUTRAL,2.17,54.22,4.33,MOMENTUM
RUCHIRA,L1_MOMENTUM,20,SUSTAINED,NEUTRAL,3.49,50.67,6.97,MOMENTUM
RUBYMILLS,L1_MOMENTUM,20,WEAK,NEUTRAL,6.18,58.66,-12.35,MOMENTUM
RUBFILA,L1_MOMENTUM,20,BOUNCE,NEUTRAL,0.37,50.28,0.74,MOMENTUM
RTNPOWER,L1_MOMENTUM,20,BOUNCE,NEUTRAL,1.2,45.53,2.39,MOMENTUM
RTNINDIA,L1_MOMENTUM,20,WEAK,NEUTRAL,1.27,42.69,2.53,MOMENTUM
RSWM,L1_MOMENTUM,20,DECELERATING,NEUTRAL,4.31,59.45,-8.62,MOMENTUM
RPTECH,L1_MOMENTUM,20,DECELERATING,DIVERGENT_BULLISH,7.47,72.5,-14.94,MOMENTUM
SDBL,L1_MOMENTUM,20,SUSTAINED,NEUTRAL,5.59,46.48,11.19,MOMENTUM
SBGLP,L1_MOMENTUM,20,SUSTAINED,NEUTRAL,4.44,45.61,8.88,MOMENTUM
SBCL,L1_MOMENTUM,20,DECELERATING,NEUTRAL,4.06,60.72,-8.11,MOMENTUM
SAURASHCEM,L1_MOMENTUM,20,SUSTAINED,NEUTRAL,8.2,57.79,16.41,MOMENTUM
SATIA,L1_MOMENTUM,20,SUSTAINED,NEUTRAL,5.47,54.43,10.93,MOMENTUM
SASKEN,L1_MOMENTUM,20,WEAK,NEUTRAL,3.41,52.25,-6.81,MOMENTUM
SARVESHWAR,L1_MOMENTUM,20,BOUNCE,NEUTRAL,1.35,41.45,2.7,MOMENTUM
SARLAPOLY,L1_MOMENTUM,20,SUSTAINED,NEUTRAL,1.04,55.01,-2.08,MOMENTUM
SANDHAR,L1_MOMENTUM,20,BOUNCE,NEUTRAL,1.76,56.17,-3.51,MOMENTUM
SAMPANN,L1_MOMENTUM,20,ACCELERATING,NEUTRAL,1.5,48.13,3.0,MOMENTUM
SAMHI,L1_MOMENTUM,20,WEAK,NEUTRAL,0.57,52.29,1.14,MOMENTUM
SAMBHAAV,L1_MOMENTUM,20,SUSTAINED,NEUTRAL,3.32,50.52,6.64,MOMENTUM
SALZERELEC,L1_MOMENTUM,20,SUSTAINED,NEUTRAL,3.18,48.9,6.37,MOMENTUM
SAKSOFT,L1_MOMENTUM,20,WEAK,NEUTRAL,0.81,54.39,1.61,MOMENTUM
SAKHTISUG,L1_MOMENTUM,20,DECELERATING,NEUTRAL,3.25,49.66,6.5,MOMENTUM
SAKAR,L1_MOMENTUM,20,SUSTAINED,NEUTRAL,5.68,65.41,-11.35,MOMENTUM
SHEKHAWATI,L1_MOMENTUM,20,WEAK,NEUTRAL,3.76,49.84,7.52,MOMENTUM
SHAREINDIA,L1_MOMENTUM,20,WEAK,NEUTRAL,0.04,55.48,-0.08,MOMENTUM
SHARDAMOTR,L1_MOMENTUM,20,SUSTAINED,NEUTRAL,4.61,58.27,9.23,MOMENTUM
SHANTI,L1_MOMENTUM,20,SUSTAINED,NEUTRAL,4.73,48.47,9.46,MOMENTUM
SHANKARA,L1_MOMENTUM,20,DECELERATING,NEUTRAL,11.51,50.53,23.03,MOMENTUM
SEYAIND,L1_MOMENTUM,20,BOUNCE,NEUTRAL,2.25,45.89,4.5,MOMENTUM
SETUINFRA,L1_MOMENTUM,20,BOUNCE,NEUTRAL,0.77,45.12,1.54,MOMENTUM
SETL,L1_MOMENTUM,20,WEAK,NEUTRAL,7.15,66.59,-14.3,MOMENTUM
SESHAPAPER,L1_MOMENTUM,20,WEAK,NEUTRAL,3.1,48.57,6.21,MOMENTUM
SERVOTECH,L1_MOMENTUM,20,WEAK,NEUTRAL,2.43,41.75,-4.87,MOMENTUM
SEPC,L1_MOMENTUM,20,SUSTAINED,NEUTRAL,5.16,46.79,10.31,MOMENTUM
SENORES,L1_MOMENTUM,20,WEAK,NEUTRAL,7.77,60.11,-15.54,MOMENTUM
SELMC,L1_MOMENTUM,20,BOUNCE,NEUTRAL,0.09,44.01,0.18,MOMENTUM
SECURKLOUD,L1_MOMENTUM,20,SUSTAINED,NEUTRAL,2.57,45.45,5.13,MOMENTUM
SECMARK,L1_MOMENTUM,20,SUSTAINED,NEUTRAL,0.65,51.22,-1.29,MOMENTUM
SEAMECLTD,L1_MOMENTUM,20,SUSTAINED,NEUTRAL,1.63,56.46,-3.26,MOMENTUM
SHK,L1_MOMENTUM,20,SUSTAINED,NEUTRAL,7.32,61.22,14.63,MOMENTUM
SHIVALIK,L1_MOMENTUM,20,SUSTAINED,NEUTRAL,7.82,51.06,15.65,MOMENTUM
SHEMAROO,L1_MOMENTUM,20,BOUNCE,NEUTRAL,1.99,52.14,-3.99,MOMENTUM
JSWINFRA,L1_MOMENTUM,20,WEAK,NEUTRAL,2.68,56.7,-5.37,MOMENTUM
JSWENERGY,L1_MOMENTUM,20,WEAK,NEUTRAL,1.27,53.04,-2.54,MOMENTUM
ITCHOTELS,L1_MOMENTUM,20,BOUNCE,NEUTRAL,2.26,50.58,4.52,MOMENTUM
IRCTC,L1_MOMENTUM,20,SUSTAINED,NEUTRAL,7.73,48.02,15.47,MOMENTUM
IPCALAB,L1_MOMENTUM,20,BOUNCE,NEUTRAL,3.29,54.2,-6.59,MOMENTUM
IOB,L1_MOMENTUM,20,SUSTAINED,NEUTRAL,3.67,51.58,7.34,MOMENTUM
ICICIGI,L1_MOMENTUM,20,BOUNCE,NEUTRAL,0.8,44.13,1.61,MOMENTUM
HUDCO,L1_MOMENTUM,20,WEAK,NEUTRAL,0.19,48.95,0.38,MOMENTUM
HINDPETRO,L1_MOMENTUM,20,SUSTAINED,NEUTRAL,0.87,50.03,1.74,MOMENTUM
HINDCOPPER,L1_MOMENTUM,20,SUSTAINED,NEUTRAL,2.44,60.69,4.88,MOMENTUM
HAVELLS,L1_MOMENTUM,20,DECELERATING,NEUTRAL,7.2,55.74,14.4,MOMENTUM
GVT&D,L1_MOMENTUM,20,BOUNCE,NEUTRAL,4.11,50.61,-8.23,MOMENTUM
GODREJPROP,L1_MOMENTUM,20,WEAK,NEUTRAL,0.21,55.82,0.42,MOMENTUM
SIYSIL,L1_MOMENTUM,20,SUSTAINED,NEUTRAL,0.05,52.32,-0.11,MOMENTUM
SITINET,L1_MOMENTUM,20,WEAK,NEUTRAL,0.33,39.67,-0.67,MOMENTUM
SIS,L1_MOMENTUM,20,WEAK,NEUTRAL,4.35,61.34,-8.69,MOMENTUM
SINTERCOM,L1_MOMENTUM,20,SUSTAINED,NEUTRAL,5.16,52.11,10.33,MOMENTUM
SINCLAIR,L1_MOMENTUM,20,SUSTAINED,NEUTRAL,3.88,49.86,7.76,MOMENTUM
SIMPLEXINF,L1_MOMENTUM,20,ACCELERATING,NEUTRAL,2.0,47.44,-4.0,MOMENTUM
SIMBHALS,L1_MOMENTUM,20,WEAK,NEUTRAL,5.14,43.85,10.27,MOMENTUM
SILVERBEES,L1_MOMENTUM,20,SUSTAINED,NEUTRAL,1.49,50.27,-2.98,MOMENTUM
SILLYMONKS,L1_MOMENTUM,20,BOUNCE,NEUTRAL,1.35,45.25,2.69,MOMENTUM
SILINV,L1_MOMENTUM,20,SUSTAINED,NEUTRAL,6.04,49.37,12.08,MOMENTUM
SIL,L1_MOMENTUM,20,SUSTAINED,NEUTRAL,4.45,57.27,8.9,MOMENTUM
SICALLOG,L1_MOMENTUM,20,WEAK,NEUTRAL,0.24,58.3,0.49,MOMENTUM
SHYAMTEL,L1_MOMENTUM,20,WEAK,NEUTRAL,3.03,48.96,-6.06,MOMENTUM
SHRIRAMPPS,L1_MOMENTUM,20,BOUNCE,NEUTRAL,1.61,48.32,-3.21,MOMENTUM
SHREYANIND,L1_MOMENTUM,20,SUSTAINED,NEUTRAL,5.63,44.95,11.26,MOMENTUM
SHOPERSTOP,L1_MOMENTUM,20,SUSTAINED,NEUTRAL,5.73,60.9,11.47,MOMENTUM
SPAL,L1_MOMENTUM,20,WEAK,NEUTRAL,4.63,56.35,-9.27,MOMENTUM
GODFRYPHLP,L1_MOMENTUM,20,DECELERATING,NEUTRAL,3.67,52.78,7.33,MOMENTUM
GMRAIRPORT,L1_MOMENTUM,20,BOUNCE,NEUTRAL,3.83,52.51,-7.66,MOMENTUM
GLENMARK,L1_MOMENTUM,20,SUSTAINED,NEUTRAL,1.65,55.41,-3.3,MOMENTUM
FACT,L1_MOMENTUM,20,BOUNCE,NEUTRAL,0.32,48.4,-0.65,MOMENTUM
ESCORTS,L1_MOMENTUM,20,DECELERATING,NEUTRAL,5.51,52.9,11.01,MOMENTUM
DRREDDY,L1_MOMENTUM,20,WEAK,NEUTRAL,1.9,40.96,-3.81,MOMENTUM
DALBHARAT,L1_MOMENTUM,20,DECELERATING,NEUTRAL,3.45,49.52,6.91,MOMENTUM
COROMANDEL,L1_MOMENTUM,20,WEAK,NEUTRAL,2.51,53.58,5.01,MOMENTUM
COCHINSHIP,L1_MOMENTUM,20,SUSTAINED,NEUTRAL,3.73,52.04,7.47,MOMENTUM
SOUTHWEST,L1_MOMENTUM,20,WEAK,NEUTRAL,3.06,52.36,-6.12,MOMENTUM
SOMANYCERA,L1_MOMENTUM,20,WEAK,NEUTRAL,2.41,52.31,-4.82,MOMENTUM
SOLEX,L1_MOMENTUM,20,WEAK,NEUTRAL,2.11,38.52,-4.23,MOMENTUM
SOFTTECH,L1_MOMENTUM,20,WEAK,NEUTRAL,3.48,53.37,-6.97,MOMENTUM
SNOWMAN,L1_MOMENTUM,20,SUSTAINED,NEUTRAL,6.99,56.28,13.99,MOMENTUM
SMLT,L1_MOMENTUM,20,WEAK,NEUTRAL,3.82,45.05,7.64,MOMENTUM
STYLEBAAZA,L1_MOMENTUM,20,SUSTAINED,NEUTRAL,1.37,50.32,2.73,MOMENTUM
STYLAMIND,L1_MOMENTUM,20,SUSTAINED,DIVERGENT_BULLISH,8.44,72.65,-16.89,MOMENTUM
STOVEKRAFT,L1_MOMENTUM,20,WEAK,NEUTRAL,2.75,63.95,-5.51,MOMENTUM
STERTOOLS,L1_MOMENTUM,20,DECELERATING,NEUTRAL,2.16,50.91,4.32,MOMENTUM
STEELXIND,L1_MOMENTUM,20,BOUNCE,NEUTRAL,3.99,51.14,-7.99,MOMENTUM
STEELCITY,L1_MOMENTUM,20,DECELERATING,NEUTRAL,6.42,56.75,12.84,MOMENTUM
STCINDIA,L1_MOMENTUM,20,SUSTAINED,NEUTRAL,0.06,49.6,0.12,MOMENTUM
STARPAPER,L1_MOMENTUM,20,SUSTAINED,NEUTRAL,4.46,57.42,8.92,MOMENTUM
SRM,L1_MOMENTUM,20,SUSTAINED,NEUTRAL,1.64,57.44,3.28,MOMENTUM
SRHHYPOLTD,L1_MOMENTUM,20,SUSTAINED,NEUTRAL,3.73,54.78,7.45,MOMENTUM
SPORTKING,L1_MOMENTUM,20,DECELERATING,NEUTRAL,8.52,64.57,-17.03,MOMENTUM
SPMLINFRA,L1_MOMENTUM,20,WEAK,NEUTRAL,0.43,48.56,-0.85,MOMENTUM
SPLIL,L1_MOMENTUM,20,SUSTAINED,NEUTRAL,1.84,50.62,3.69,MOMENTUM
SPIC,L1_MOMENTUM,20,SUSTAINED,NEUTRAL,2.99,49.09,5.98,MOMENTUM
SPENCERS,L1_MOMENTUM,20,BOUNCE,NEUTRAL,1.29,42.12,2.58,MOMENTUM
SPCENET,L1_MOMENTUM,20,BOUNCE,NEUTRAL,3.77,43.84,7.53,MOMENTUM
SUVIDHAA,L1_MOMENTUM,20,WEAK,NEUTRAL,4.44,43.77,8.87,MOMENTUM
SUTLEJTEX,L1_MOMENTUM,20,SUSTAINED,NEUTRAL,2.82,59.58,5.65,MOMENTUM
SURYAROSNI,L1_MOMENTUM,20,BOUNCE,NEUTRAL,2.07,51.51,4.14,MOMENTUM
SURANAT&P,L1_MOMENTUM,20,WEAK,NEUTRAL,0.34,46.25,-0.68,MOMENTUM
SURANASOL,L1_MOMENTUM,20,SUSTAINED,NEUTRAL,2.85,53.95,5.7,MOMENTUM
SURAKSHA,L1_MOMENTUM,20,WEAK,NEUTRAL,0.87,40.01,-1.74,MOMENTUM
SURAJEST,L1_MOMENTUM,20,SUSTAINED,NEUTRAL,4.86,48.46,9.73,MOMENTUM
SUPREME,L1_MOMENTUM,20,WEAK,NEUTRAL,5.56,42.1,11.12,MOMENTUM
SUPERSPIN,L1_MOMENTUM,20,SUSTAINED,NEUTRAL,10.49,60.44,20.98,MOMENTUM
SUPERHOUSE,L1_MOMENTUM,20,SUSTAINED,NEUTRAL,0.19,51.06,0.39,MOMENTUM
SUNCLAY,L1_MOMENTUM,20,BOUNCE,NEUTRAL,0.37,42.69,-0.74,MOMENTUM
SUMIT,L1_MOMENTUM,20,SUSTAINED,NEUTRAL,8.76,58.75,17.53,MOMENTUM
SULA,L1_MOMENTUM,20,WEAK,NEUTRAL,9.1,50.85,18.2,MOMENTUM
SUDARCOLOR,L1_MOMENTUM,20,SUSTAINED,NEUTRAL,8.03,62.65,16.07,MOMENTUM
SUBROS,L1_MOMENTUM,20,SUSTAINED,NEUTRAL,2.09,54.76,4.17,MOMENTUM
SUBEXLTD,L1_MOMENTUM,20,SUSTAINED,NEUTRAL,3.52,62.66,7.03,MOMENTUM
TARC,L1_MOMENTUM,20,SUSTAINED,NEUTRAL,4.74,53.24,9.49,MOMENTUM
TAKE,L1_MOMENTUM,20,WEAK,NEUTRAL,1.1,42.33,-2.2,MOMENTUM
BDL,L1_MOMENTUM,20,BOUNCE,NEUTRAL,1.9,49.66,3.8,MOMENTUM
BANKINDIA,L1_MOMENTUM,20,SUSTAINED,NEUTRAL,0.16,50.59,0.32,MOMENTUM
ATGL,L1_MOMENTUM,20,WEAK,NEUTRAL,4.13,48.1,-8.25,MOMENTUM
ASHOKLEY,L1_MOMENTUM,20,SUSTAINED,NEUTRAL,4.52,60.55,9.03,MOMENTUM
APLAPOLLO,L1_MOMENTUM,20,SUSTAINED,NEUTRAL,3.04,56.54,6.07,MOMENTUM
AIIL,L1_MOMENTUM,20,SUSTAINED,NEUTRAL,2.93,60.68,5.85,MOMENTUM
ABBOTINDIA,L1_MOMENTUM,20,WEAK,NEUTRAL,2.32,53.86,4.63,MOMENTUM
TAJGVK,L1_MOMENTUM,20,DECELERATING,NEUTRAL,3.65,56.1,7.3,MOMENTUM
TAINWALCHM,L1_MOMENTUM,20,DECELERATING,NEUTRAL,0.74,51.72,-1.47,MOMENTUM
SYNCOMF,L1_MOMENTUM,20,WEAK,NEUTRAL,0.68,44.24,-1.36,MOMENTUM
SWSOLAR,L1_MOMENTUM,20,BOUNCE,NEUTRAL,1.25,45.29,-2.49,MOMENTUM
SWELECTES,L1_MOMENTUM,20,SUSTAINED,NEUTRAL,3.33,55.54,6.66,MOMENTUM
SVPGLOB,L1_MOMENTUM,20,BOUNCE,NEUTRAL,1.07,50.19,-2.13,MOMENTUM
SVLL,L1_MOMENTUM,20,DECELERATING,NEUTRAL,0.96,56.34,-1.91,MOMENTUM
TOTAL,L1_MOMENTUM,20,SUSTAINED,NEUTRAL,7.47,63.69,14.94,MOMENTUM
TOLINS,L1_MOMENTUM,20,WEAK,NEUTRAL,2.83,45.51,5.66,MOMENTUM
TOKYOPLAST,L1_MOMENTUM,20,BOUNCE,NEUTRAL,2.18,45.49,4.35,MOMENTUM
TNPL,L1_MOMENTUM,20,SUSTAINED,NEUTRAL,2.45,59.2,4.9,MOMENTUM
TINNARUBR,L1_MOMENTUM,20,DECELERATING,NEUTRAL,3.27,62.26,-6.55,MOMENTUM
TIL,L1_MOMENTUM,20,DECELERATING,NEUTRAL,3.0,57.16,6.0,MOMENTUM
TIJARIA,L1_MOMENTUM,20,DECELERATING,NEUTRAL,3.36,50.27,6.72,MOMENTUM
TICL,L1_MOMENTUM,20,BOUNCE,NEUTRAL,1.2,31.44,2.4,MOMENTUM
THOMASCOTT,L1_MOMENTUM,20,BOUNCE,NEUTRAL,0.99,51.6,1.98,MOMENTUM
THOMASCOOK,L1_MOMENTUM,20,SUSTAINED,NEUTRAL,4.06,49.55,8.12,MOMENTUM
THEMISMED,L1_MOMENTUM,20,WEAK,NEUTRAL,0.03,53.13,0.07,MOMENTUM
THEINVEST,L1_MOMENTUM,20,DECELERATING,NEUTRAL,4.52,49.71,9.05,MOMENTUM
TERASOFT,L1_MOMENTUM,20,SUSTAINED,NEUTRAL,2.04,56.9,4.09,MOMENTUM
TEAMGTY,L1_MOMENTUM,20,WEAK,NEUTRAL,1.01,45.25,2.02,MOMENTUM
TCIEXP,L1_MOMENTUM,20,SUSTAINED,NEUTRAL,3.34,54.4,6.68,MOMENTUM
TASTYBITE,L1_MOMENTUM,20,DECELERATING,NEUTRAL,0.69,57.89,-1.38,MOMENTUM
VEDL,L1_MOMENTUM,20,SUSTAINED,NEUTRAL,2.97,38.95,5.93,MOMENTUM
ULTRACEMCO,L1_MOMENTUM,20,SUSTAINED,NEUTRAL,1.88,55.47,3.76,MOMENTUM
TORNTPHARM,L1_MOMENTUM,20,WEAK,NEUTRAL,4.97,60.81,-9.94,MOMENTUM
TMPV,L1_MOMENTUM,20,WEAK,NEUTRAL,4.63,45.73,9.26,MOMENTUM
TATASTEEL,L1_MOMENTUM,20,WEAK,NEUTRAL,1.23,48.37,-2.47,MOMENTUM
SOLARINDS,L1_MOMENTUM,20,WEAK,NEUTRAL,4.6,58.48,-9.2,MOMENTUM
SBIN,L1_MOMENTUM,20,SUSTAINED,NEUTRAL,2.3,60.24,4.6,MOMENTUM
RELIANCE,L1_MOMENTUM,20,SUSTAINED,NEUTRAL,3.61,49.81,7.22,MOMENTUM
POWERINDIA,L1_MOMENTUM,20,WEAK,NEUTRAL,5.15,52.16,-10.29,MOMENTUM
TVTODAY,L1_MOMENTUM,20,WEAK,NEUTRAL,1.16,46.03,2.32,MOMENTUM
TVSSRICHAK,L1_MOMENTUM,20,WEAK,NEUTRAL,2.3,49.57,-4.61,MOMENTUM
TTKHLTCARE,L1_MOMENTUM,20,SUSTAINED,NEUTRAL,2.8,62.22,5.59,MOMENTUM
TRIGYN,L1_MOMENTUM,20,SUSTAINED,NEUTRAL,2.89,47.77,5.77,MOMENTUM
TRF,L1_MOMENTUM,20,WEAK,NEUTRAL,3.03,44.52,6.07,MOMENTUM
TREL,L1_MOMENTUM,20,BOUNCE,NEUTRAL,1.43,45.65,2.85,MOMENTUM
TREJHARA,L1_MOMENTUM,20,SUSTAINED,NEUTRAL,9.25,57.5,18.5,MOMENTUM
VASCONEQ,L1_MOMENTUM,20,WEAK,NEUTRAL,2.98,45.38,5.96,MOMENTUM
VARDMNPOLY,L1_MOMENTUM,20,WEAK,NEUTRAL,0.29,40.33,-0.59,MOMENTUM
VALIANTORG,L1_MOMENTUM,20,WEAK,NEUTRAL,1.0,50.59,2.0,MOMENTUM
VALIANTLAB,L1_MOMENTUM,20,WEAK,NEUTRAL,0.57,41.83,-1.15,MOMENTUM
VAISHALI,L1_MOMENTUM,20,SUSTAINED,NEUTRAL,5.2,53.48,10.4,MOMENTUM
UTTAMSUGAR,L1_MOMENTUM,20,SUSTAINED,NEUTRAL,3.79,57.55,7.58,MOMENTUM
USK,L1_MOMENTUM,20,SUSTAINED,NEUTRAL,3.45,48.18,6.9,MOMENTUM
URJA,L1_MOMENTUM,20,WEAK,NEUTRAL,3.94,47.52,7.89,MOMENTUM
URAVIDEF,L1_MOMENTUM,20,BOUNCE,NEUTRAL,5.67,40.0,11.35,MOMENTUM
UNITEDTEA,L1_MOMENTUM,20,WEAK,NEUTRAL,0.73,49.31,1.47,MOMENTUM
UNIENTER,L1_MOMENTUM,20,BOUNCE,NEUTRAL,0.98,37.85,1.96,MOMENTUM
UGARSUGAR,L1_MOMENTUM,20,SUSTAINED,NEUTRAL,2.19,60.26,4.38,MOMENTUM
UFO,L1_MOMENTUM,20,WEAK,NEUTRAL,0.26,45.52,0.52,MOMENTUM
UFLEX,L1_MOMENTUM,20,WEAK,NEUTRAL,4.17,57.95,8.33,MOMENTUM
UDS,L1_MOMENTUM,20,SUSTAINED,NEUTRAL,2.45,58.28,4.91,MOMENTUM
UCAL,L1_MOMENTUM,20,SUSTAINED,NEUTRAL,1.41,53.03,2.82,MOMENTUM
WEIZMANIND,L1_MOMENTUM,20,SUSTAINED,NEUTRAL,3.56,46.64,7.11,MOMENTUM
AXISBANK,L1_MOMENTUM,20,WEAK,NEUTRAL,2.03,46.79,-4.05,MOMENTUM
VLEGOV,L1_MOMENTUM,20,SUSTAINED,NEUTRAL,3.85,39.47,7.71,MOMENTUM
VIVIDHA,L1_MOMENTUM,20,SUSTAINED,NEUTRAL,3.51,47.19,7.02,MOMENTUM
VITAL,L1_MOMENTUM,20,BOUNCE,NEUTRAL,0.61,46.36,1.23,MOMENTUM
VISHWARAJ,L1_MOMENTUM,20,WEAK,NEUTRAL,3.64,43.26,7.27,MOMENTUM
VISACHROME,L1_MOMENTUM,20,WEAK,NEUTRAL,2.12,44.85,-4.24,MOMENTUM
VIPULLTD,L1_MOMENTUM,20,BOUNCE,NEUTRAL,1.94,49.64,-3.88,MOMENTUM
VIPIND,L1_MOMENTUM,20,SUSTAINED,NEUTRAL,5.25,49.87,10.5,MOMENTUM
VIPCLOTHNG,L1_MOMENTUM,20,BOUNCE,NEUTRAL,0.29,41.12,-0.58,MOMENTUM
IOC,L1_MOMENTUM,20,SUSTAINED,NEUTRAL,2.23,49.57,4.46,MOMENTUM
INDIGO,L1_MOMENTUM,20,WEAK,NEUTRAL,0.06,55.9,0.11,MOMENTUM
INDIANB,L1_MOMENTUM,20,SUSTAINED,NEUTRAL,2.13,56.35,4.27,MOMENTUM
XELPMOC,L1_MOMENTUM,20,BOUNCE,NEUTRAL,4.08,43.66,8.16,MOMENTUM
XCHANGING,L1_MOMENTUM,20,DECELERATING,NEUTRAL,6.03,53.56,12.05,MOMENTUM
WINSOME,L1_MOMENTUM,20,SUSTAINED,NEUTRAL,2.87,64.6,5.74,MOMENTUM
WINDLAS,L1_MOMENTUM,20,SUSTAINED,NEUTRAL,1.61,55.28,3.23,MOMENTUM
LTM,L1_MOMENTUM,20,DECELERATING,NEUTRAL,6.3,55.26,12.61,MOMENTUM
LT,L1_MOMENTUM,20,SUSTAINED,NEUTRAL,1.97,55.28,3.94,MOMENTUM
KOTAKBANK,L1_MOMENTUM,20,DECELERATING,NEUTRAL,1.9,51.37,3.79,MOMENTUM
JIOFIN,L1_MOMENTUM,20,DECELERATING,NEUTRAL,5.56,57.75,11.12,MOMENTUM
BPCL,L1_MOMENTUM,20,DECELERATING,NEUTRAL,2.65,53.9,5.3,MOMENTUM
ZODIAC,L1_MOMENTUM,20,WEAK,NEUTRAL,0.72,41.77,1.45,MOMENTUM
ZIMLAB,L1_MOMENTUM,20,BOUNCE,NEUTRAL,5.19,56.55,-10.37,MOMENTUM
ZENITHSTL,L1_MOMENTUM,20,WEAK,NEUTRAL,2.06,47.41,4.12,MOMENTUM
YUKEN,L1_MOMENTUM,20,SUSTAINED,NEUTRAL,6.76,58.69,13.53,MOMENTUM
YATRA,L1_MOMENTUM,20,SUSTAINED,NEUTRAL,2.75,49.65,5.5,MOMENTUM
VIDHIING,L1_MOMENTUM,20,DECELERATING,NEUTRAL,3.22,53.49,6.44,MOMENTUM
VENUSREM,L1_MOMENTUM,20,BOUNCE,NEUTRAL,7.59,55.42,-15.18,MOMENTUM
VENKEYS,L1_MOMENTUM,20,DECELERATING,NEUTRAL,2.52,56.79,5.05,MOMENTUM
VEEDOL,L1_MOMENTUM,20,SUSTAINED,NEUTRAL,5.1,55.32,10.2,MOMENTUM
RHIM,L1_MOMENTUM,20,SUSTAINED,NEUTRAL,3.04,52.27,6.08,MOMENTUM
